ISO-10303-21;
HEADER;
FILE_DESCRIPTION (( 'STEP AP214' ),
    '1' );
FILE_NAME ('platter.STEP',
    '2026-04-23T05:52:51',
    ( '' ),
    ( '' ),
    'SwSTEP 2.0',
    'SolidWorks 2026',
    '' );
FILE_SCHEMA (( 'AUTOMOTIVE_DESIGN' ));
ENDSEC;

DATA;
#1 = CARTESIAN_POINT ( 'NONE',  ( 78.74000000000000909, 15.66235980747372736, -30.32000000000001450 ) ) ;
#2 = VECTOR ( 'NONE', #1121, 1000.000000000000000 ) ;
#3 = DIRECTION ( 'NONE',  ( -0.9445257289611387330, -0.1878778487986507706, 0.2693938775496222404 ) ) ;
#4 = CIRCLE ( 'NONE', #1501, 150.8000000000000114 ) ;
#5 = DIRECTION ( 'NONE',  ( 0.000000000000000000, 0.000000000000000000, -1.000000000000000000 ) ) ;
#6 = ORIENTED_EDGE ( 'NONE', *, *, #405, .T. ) ;
#7 = VERTEX_POINT ( 'NONE', #658 ) ;
#8 = CARTESIAN_POINT ( 'NONE',  ( -17.34780240194639234, 87.19096141127832311, -8.984999999999981668 ) ) ;
#9 = ADVANCED_FACE ( 'NONE', ( #1819 ), #1396, .T. ) ;
#10 = CARTESIAN_POINT ( 'NONE',  ( 0.000000000000000000, 2.935478377556205572E-15, -23.97000000000000952 ) ) ;
#11 = FACE_OUTER_BOUND ( 'NONE', #1334, .T. ) ;
#12 = ORIENTED_EDGE ( 'NONE', *, *, #222, .T. ) ;
#13 = ORIENTED_EDGE ( 'NONE', *, *, #1607, .F. ) ;
#14 = CARTESIAN_POINT ( 'NONE',  ( -0.3512490925028538546, 1.765396294041633674, 6.679999999999964189 ) ) ;
#15 = EDGE_CURVE ( 'NONE', #98, #1691, #1068, .T. ) ;
#16 = DIRECTION ( 'NONE',  ( -0.9807757189120169805, -0.1951383847238063740, -2.389755982427951941E-17 ) ) ;
#17 = DIRECTION ( 'NONE',  ( -0.9807757189120168695, -0.1951383847238072067, -2.389755982427951633E-17 ) ) ;
#18 = ORIENTED_EDGE ( 'NONE', *, *, #941, .F. ) ;
#19 = ORIENTED_EDGE ( 'NONE', *, *, #1496, .T. ) ;
#20 = PLANE ( 'NONE',  #461 ) ;
#21 =( NAMED_UNIT ( * ) PLANE_ANGLE_UNIT ( ) SI_UNIT ( $, .RADIAN. ) );
#22 = AXIS2_PLACEMENT_3D ( 'NONE', #1898, #416, #556 ) ;
#23 = AXIS2_PLACEMENT_3D ( 'NONE', #1579, #390, #1446 ) ;
#24 = EDGE_CURVE ( 'NONE', #1633, #926, #552, .T. ) ;
#25 = EDGE_CURVE ( 'NONE', #49, #1416, #1534, .T. ) ;
#26 = VECTOR ( 'NONE', #1756, 1000.000000000000000 ) ;
#27 = DIRECTION ( 'NONE',  ( 0.1951383847238063463, -0.9807757189120168695, 9.845718785862748180E-33 ) ) ;
#28 = ORIENTED_EDGE ( 'NONE', *, *, #25, .F. ) ;
#29 = VECTOR ( 'NONE', #295, 1000.000000000000000 ) ;
#30 = CIRCLE ( 'NONE', #1216, 4.000000000000011546 ) ;
#31 = ORIENTED_EDGE ( 'NONE', *, *, #1140, .T. ) ;
#32 = DIRECTION ( 'NONE',  ( -0.9807757189120169805, -0.1951383847238063740, -2.389755982427951941E-17 ) ) ;
#33 = FACE_OUTER_BOUND ( 'NONE', #853, .T. ) ;
#34 = PLANE ( 'NONE',  #994 ) ;
#35 = DIRECTION ( 'NONE',  ( 0.1950903220161217255, -0.9807852804032316518, -1.201115554296656984E-16 ) ) ;
#36 = DIRECTION ( 'NONE',  ( 0.1950903220161217533, -0.9807852804032317628, -1.201115554296656984E-16 ) ) ;
#37 = ADVANCED_FACE ( 'NONE', ( #620 ), #1701, .T. ) ;
#38 = VERTEX_POINT ( 'NONE', #648 ) ;
#39 = DIRECTION ( 'NONE',  ( 1.145430054132168889E-16, -1.000000000000000000, -1.224646799147352714E-16 ) ) ;
#40 = VERTEX_POINT ( 'NONE', #1692 ) ;
#41 = CARTESIAN_POINT ( 'NONE',  ( 123.3337490107063843, 24.53260799352729293, -8.984999999999990550 ) ) ;
#42 = FACE_OUTER_BOUND ( 'NONE', #619, .T. ) ;
#43 = DIRECTION ( 'NONE',  ( 1.000000000000000000, 0.000000000000000000, 0.000000000000000000 ) ) ;
#44 = LINE ( 'NONE', #1262, #90 ) ;
#45 = CARTESIAN_POINT ( 'NONE',  ( -19.28773088148454207, 38.00860672269705987, -8.984999999999986997 ) ) ;
#46 = ORIENTED_EDGE ( 'NONE', *, *, #1842, .F. ) ;
#47 = EDGE_CURVE ( 'NONE', #426, #1341, #1178, .T. ) ;
#48 = CARTESIAN_POINT ( 'NONE',  ( -3.810000000000018261, 152.3523675562674100, -6.349999999999985434 ) ) ;
#49 = VERTEX_POINT ( 'NONE', #48 ) ;
#50 = DIRECTION ( 'NONE',  ( -1.000000000000000000, 1.762482576557589070E-16, 0.000000000000000000 ) ) ;
#51 = EDGE_CURVE ( 'NONE', #700, #1507, #353, .T. ) ;
#52 = EDGE_CURVE ( 'NONE', #1061, #733, #1652, .T. ) ;
#53 = DIRECTION ( 'NONE',  ( -0.9807757189120169805, -0.1951383847238063740, -2.389755982427951941E-17 ) ) ;
#54 = DIRECTION ( 'NONE',  ( -0.1951383847238072067, 0.9807757189120168695, 1.201103844847045176E-16 ) ) ;
#55 = PLANE ( 'NONE',  #873 ) ;
#56 = ORIENTED_EDGE ( 'NONE', *, *, #1656, .T. ) ;
#57 = AXIS2_PLACEMENT_3D ( 'NONE', #1124, #1727, #380 ) ;
#58 = CARTESIAN_POINT ( 'NONE',  ( -21.24419852401558728, 42.71734693253333859, -8.984999999999986997 ) ) ;
#59 = VECTOR ( 'NONE', #228, 1000.000000000000000 ) ;
#60 = EDGE_LOOP ( 'NONE', ( #968, #1754, #1297, #1097 ) ) ;
#61 = CARTESIAN_POINT ( 'NONE',  ( -18.32349432556542368, 92.09484000583842089, -8.984999999999981668 ) ) ;
#62 = AXIS2_PLACEMENT_3D ( 'NONE', #1287, #130, #724 ) ;
#63 = ORIENTED_EDGE ( 'NONE', *, *, #431, .T. ) ;
#64 = EDGE_CURVE ( 'NONE', #1572, #1241, #1900, .T. ) ;
#65 = CYLINDRICAL_SURFACE ( 'NONE', #520, 5.099999999999998757 ) ;
#66 = DIRECTION ( 'NONE',  ( -0.000000000000000000, 1.224646799147352714E-16, -1.000000000000000000 ) ) ;
#67 = DIRECTION ( 'NONE',  ( 0.000000000000000000, 1.000000000000000000, 1.265381845871676289E-16 ) ) ;
#68 = EDGE_LOOP ( 'NONE', ( #1673, #6, #629, #863, #1116, #13 ) ) ;
#69 = DIRECTION ( 'NONE',  ( 0.9807852804032317628, 0.1950903220161215035, 0.000000000000000000 ) ) ;
#70 = VERTEX_POINT ( 'NONE', #191 ) ;
#71 = FACE_OUTER_BOUND ( 'NONE', #364, .T. ) ;
#72 = DIRECTION ( 'NONE',  ( 0.000000000000000000, 0.000000000000000000, 1.000000000000000000 ) ) ;
#73 = ADVANCED_FACE ( 'NONE', ( #781 ), #173, .T. ) ;
#74 = CARTESIAN_POINT ( 'NONE',  ( 3.809999999999981846, -150.8000000000000114, -13.97000000000001663 ) ) ;
#75 = VERTEX_POINT ( 'NONE', #1837 ) ;
#76 = CARTESIAN_POINT ( 'NONE',  ( 2.888894916580853780E-31, -8.180640618304271727E-16, 6.679999999999964189 ) ) ;
#77 = ORIENTED_EDGE ( 'NONE', *, *, #796, .T. ) ;
#78 = DIRECTION ( 'NONE',  ( 0.000000000000000000, 1.000000000000000000, 1.265381845871676289E-16 ) ) ;
#79 = DIRECTION ( 'NONE',  ( -0.000000000000000000, 1.224646799147352714E-16, -1.000000000000000000 ) ) ;
#80 = AXIS2_PLACEMENT_3D ( 'NONE', #1757, #856, #411 ) ;
#81 = ORIENTED_EDGE ( 'NONE', *, *, #1698, .F. ) ;
#82 = EDGE_CURVE ( 'NONE', #1222, #1378, #455, .T. ) ;
#83 = EDGE_CURVE ( 'NONE', #284, #1132, #427, .T. ) ;
#84 = AXIS2_PLACEMENT_3D ( 'NONE', #502, #1091, #1563 ) ;
#85 = DIRECTION ( 'NONE',  ( 0.1951383847238059854, -0.9807757189120170915, 0.000000000000000000 ) ) ;
#86 = VERTEX_POINT ( 'NONE', #687 ) ;
#87 = CIRCLE ( 'NONE', #1467, 5.000000000000011546 ) ;
#88 = CIRCLE ( 'NONE', #1026, 150.8000000000000114 ) ;
#89 = CARTESIAN_POINT ( 'NONE',  ( 0.000000000000000000, 1.710831578408851526E-15, -13.97000000000000064 ) ) ;
#90 = VECTOR ( 'NONE', #1073, 1000.000000000000000 ) ;
#91 = CYLINDRICAL_SURFACE ( 'NONE', #1239, 5.000000000000010658 ) ;
#92 = SURFACE_STYLE_FILL_AREA ( #1432 ) ;
#93 = CARTESIAN_POINT ( 'NONE',  ( 61.21022100893784312, 137.8185359232820417, -30.32000000000000384 ) ) ;
#94 = ORIENTED_EDGE ( 'NONE', *, *, #1772, .F. ) ;
#95 = CARTESIAN_POINT ( 'NONE',  ( 1.765413504725817040, 0.3511625796290228640, 5.679999999999963300 ) ) ;
#96 = EDGE_CURVE ( 'NONE', #1345, #1258, #1115, .T. ) ;
#97 = DIRECTION ( 'NONE',  ( 0.9807852804032318739, 0.1950903220161216145, 0.000000000000000000 ) ) ;
#98 = VERTEX_POINT ( 'NONE', #711 ) ;
#99 = ORIENTED_EDGE ( 'NONE', *, *, #851, .T. ) ;
#100 = CARTESIAN_POINT ( 'NONE',  ( -20.26850660039655594, 37.81346833797325502, -8.984999999999986997 ) ) ;
#101 = DIRECTION ( 'NONE',  ( -0.000000000000000000, 1.224646799147352714E-16, -1.000000000000000000 ) ) ;
#102 = DIRECTION ( 'NONE',  ( -1.145430054132168889E-16, 1.000000000000000000, 1.224646799147352714E-16 ) ) ;
#103 = DIRECTION ( 'NONE',  ( -0.000000000000000000, 1.224646799147352714E-16, -1.000000000000000000 ) ) ;
#104 = ORIENTED_EDGE ( 'NONE', *, *, #1161, .F. ) ;
#105 = PLANE ( 'NONE',  #1433 ) ;
#106 = CARTESIAN_POINT ( 'NONE',  ( 84.71416433824261105, 29.79950268835426641, -8.985000000000001208 ) ) ;
#107 = ORIENTED_EDGE ( 'NONE', *, *, #1675, .T. ) ;
#108 = EDGE_CURVE ( 'NONE', #474, #935, #983, .T. ) ;
#109 = ORIENTED_EDGE ( 'NONE', *, *, #484, .T. ) ;
#110 = DIRECTION ( 'NONE',  ( -0.9807757189120169805, -0.1951383847238063740, -2.389755982427951941E-17 ) ) ;
#111 = EDGE_CURVE ( 'NONE', #1793, #86, #1459, .T. ) ;
#112 = DIRECTION ( 'NONE',  ( 0.000000000000000000, 1.000000000000000000, 1.252096997096120642E-16 ) ) ;
#113 = DIRECTION ( 'NONE',  ( 0.000000000000000000, 1.000000000000000000, 1.170791997284683990E-16 ) ) ;
#114 = CARTESIAN_POINT ( 'NONE',  ( 78.74000000000000909, 73.95576755443974548, -29.32000000000001450 ) ) ;
#115 = ORIENTED_EDGE ( 'NONE', *, *, #1414, .F. ) ;
#116 = CARTESIAN_POINT ( 'NONE',  ( -18.50717734258931912, 34.08550384704899727, -8.984999999999986997 ) ) ;
#117 = PRESENTATION_LAYER_ASSIGNMENT (  '', '', ( #957 ) ) ;
#118 = CYLINDRICAL_SURFACE ( 'NONE', #1141, 4.999999999999996447 ) ;
#119 = EDGE_LOOP ( 'NONE', ( #947, #1554, #975, #569, #1164 ) ) ;
#120 = AXIS2_PLACEMENT_3D ( 'NONE', #1397, #820, #511 ) ;
#121 = ORIENTED_EDGE ( 'NONE', *, *, #1806, .F. ) ;
#122 = CARTESIAN_POINT ( 'NONE',  ( 0.000000000000000000, 3.713129095014775183E-15, 6.679999999999964189 ) ) ;
#123 = CARTESIAN_POINT ( 'NONE',  ( 0.000000000000000000, 3.713129095014775183E-15, 6.679999999999964189 ) ) ;
#124 = CIRCLE ( 'NONE', #614, 152.4000000000000057 ) ;
#125 = EDGE_CURVE ( 'NONE', #192, #378, #1585, .T. ) ;
#126 = AXIS2_PLACEMENT_3D ( 'NONE', #542, #246, #1736 ) ;
#127 = LINE ( 'NONE', #1872, #1716 ) ;
#128 = AXIS2_PLACEMENT_3D ( 'NONE', #1236, #644, #1248 ) ;
#129 = EDGE_LOOP ( 'NONE', ( #878, #182, #594, #659 ) ) ;
#130 = DIRECTION ( 'NONE',  ( 0.9807757189120168695, 0.1951383847238072067, 2.389755982427951941E-17 ) ) ;
#131 = PLANE ( 'NONE',  #671 ) ;
#132 = EDGE_LOOP ( 'NONE', ( #1484, #1148, #1553, #467, #1570, #965, #1914, #836, #1231, #1751, #99, #1911, #1794, #810 ) ) ;
#133 = ORIENTED_EDGE ( 'NONE', *, *, #174, .F. ) ;
#134 = DIRECTION ( 'NONE',  ( -0.9238795325112870716, -0.3826834323650891712, -4.686520405326288724E-17 ) ) ;
#135 = DIRECTION ( 'NONE',  ( 0.000000000000000000, 1.000000000000000000, 1.138269997360109674E-16 ) ) ;
#136 = ADVANCED_FACE ( 'NONE', ( #235 ), #118, .T. ) ;
#137 = DIRECTION ( 'NONE',  ( 0.000000000000000000, -1.224646799147352714E-16, 1.000000000000000000 ) ) ;
#138 = CARTESIAN_POINT ( 'NONE',  ( -3.519981018870855127, 1.458023877312176753, -448.8875689154510269 ) ) ;
#139 = EDGE_LOOP ( 'NONE', ( #1490, #278, #1386, #1251 ) ) ;
#140 = EDGE_LOOP ( 'NONE', ( #121, #1618, #443, #790, #1878, #1858, #1348, #751 ) ) ;
#141 = CARTESIAN_POINT ( 'NONE',  ( -27.65103124581555605, 80.04299139239445537, -8.984999999999981668 ) ) ;
#142 = CARTESIAN_POINT ( 'NONE',  ( 78.74000000000000909, 78.73999999999999488, -30.32000000000001450 ) ) ;
#143 = DIRECTION ( 'NONE',  ( 0.000000000000000000, 1.000000000000000000, 1.224646799147352714E-16 ) ) ;
#144 = CARTESIAN_POINT ( 'NONE',  ( 0.000000000000000000, 0.000000000000000000, 0.000000000000000000 ) ) ;
#145 = ORIENTED_EDGE ( 'NONE', *, *, #24, .F. ) ;
#146 = EDGE_LOOP ( 'NONE', ( #1763, #1318, #1514, #1426, #337, #1734 ) ) ;
#147 = VECTOR ( 'NONE', #580, 1000.000000000000000 ) ;
#148 = LINE ( 'NONE', #272, #1658 ) ;
#149 = AXIS2_PLACEMENT_3D ( 'NONE', #1710, #628, #69 ) ;
#150 = CARTESIAN_POINT ( 'NONE',  ( -3.337155378977361002E-47, -1.142816954388334599E-30, 9.331808609502827440E-15 ) ) ;
#151 = AXIS2_PLACEMENT_3D ( 'NONE', #138, #575, #1930 ) ;
#152 = VECTOR ( 'NONE', #1351, 1000.000000000000000 ) ;
#153 = CARTESIAN_POINT ( 'NONE',  ( 54.17025897120178257, 140.7345836779039132, -30.32000000000000384 ) ) ;
#154 = AXIS2_PLACEMENT_3D ( 'NONE', #630, #1726, #379 ) ;
#155 = DIRECTION ( 'NONE',  ( -1.000000000000000000, 0.000000000000000000, 0.000000000000000000 ) ) ;
#156 = ORIENTED_EDGE ( 'NONE', *, *, #1186, .F. ) ;
#157 = EDGE_CURVE ( 'NONE', #1069, #98, #1865, .T. ) ;
#158 = ORIENTED_EDGE ( 'NONE', *, *, #596, .F. ) ;
#159 = CARTESIAN_POINT ( 'NONE',  ( -15.66637113548990889, 78.74000000000000909, -30.32000000000001450 ) ) ;
#160 = FACE_OUTER_BOUND ( 'NONE', #1640, .T. ) ;
#161 = CARTESIAN_POINT ( 'NONE',  ( -28.82694534945137832, 80.82862872658266440, -8.984999999999981668 ) ) ;
#162 = ORIENTED_EDGE ( 'NONE', *, *, #1101, .T. ) ;
#163 = ORIENTED_EDGE ( 'NONE', *, *, #82, .T. ) ;
#164 = DIRECTION ( 'NONE',  ( 0.1951383847238061242, -0.9807757189120170915, 0.000000000000000000 ) ) ;
#165 = EDGE_CURVE ( 'NONE', #949, #250, #585, .T. ) ;
#166 = LINE ( 'NONE', #1045, #738 ) ;
#167 = DIRECTION ( 'NONE',  ( -0.1951383847238067903, 0.9807757189120169805, 0.000000000000000000 ) ) ;
#168 = VERTEX_POINT ( 'NONE', #76 ) ;
#169 = ORIENTED_EDGE ( 'NONE', *, *, #385, .F. ) ;
#170 = FACE_OUTER_BOUND ( 'NONE', #1098, .T. ) ;
#171 = VECTOR ( 'NONE', #1612, 1000.000000000000114 ) ;
#172 = FACE_OUTER_BOUND ( 'NONE', #588, .T. ) ;
#173 = TOROIDAL_SURFACE ( 'NONE', #803, 0.7999999999999999334, 1.000000000000000000 ) ;
#174 = EDGE_CURVE ( 'NONE', #700, #1771, #1679, .T. ) ;
#175 = AXIS2_PLACEMENT_3D ( 'NONE', #377, #980, #528 ) ;
#176 = DIRECTION ( 'NONE',  ( 1.000000000000000000, -0.000000000000000000, 0.000000000000000000 ) ) ;
#177 = AXIS2_PLACEMENT_3D ( 'NONE', #667, #221, #78 ) ;
#178 = CARTESIAN_POINT ( 'NONE',  ( -34.82236688441543748, 116.0864990624110931, -8.984999999999995879 ) ) ;
#179 = ORIENTED_EDGE ( 'NONE', *, *, #969, .F. ) ;
#180 = VECTOR ( 'NONE', #1678, 1000.000000000000000 ) ;
#181 = DIRECTION ( 'NONE',  ( -0.000000000000000000, 1.224646799147352714E-16, -1.000000000000000000 ) ) ;
#182 = ORIENTED_EDGE ( 'NONE', *, *, #762, .T. ) ;
#183 = PLANE ( 'NONE',  #1749 ) ;
#184 = DIRECTION ( 'NONE',  ( -0.7071067811865483499, -0.7071067811865465735, -8.659560562354918067E-17 ) ) ;
#185 = CARTESIAN_POINT ( 'NONE',  ( -35.80314260332745135, 115.8913606776872740, -8.984999999999995879 ) ) ;
#186 = ADVANCED_FACE ( 'NONE', ( #1887 ), #543, .T. ) ;
#187 = PLANE ( 'NONE',  #205 ) ;
#188 = ORIENTED_EDGE ( 'NONE', *, *, #1789, .T. ) ;
#189 = EDGE_CURVE ( 'NONE', #1580, #1007, #1552, .T. ) ;
#190 = EDGE_CURVE ( 'NONE', #336, #903, #1741, .T. ) ;
#191 = CARTESIAN_POINT ( 'NONE',  ( 120.8561019211016401, 36.98858105464833557, -8.984999999999988773 ) ) ;
#192 = VERTEX_POINT ( 'NONE', #1596 ) ;
#193 = DIRECTION ( 'NONE',  ( 0.1951383847238063463, -0.9807757189120170915, 0.000000000000000000 ) ) ;
#194 = PLANE ( 'NONE',  #713 ) ;
#195 = CARTESIAN_POINT ( 'NONE',  ( 0.000000000000000000, 88.90000000000000568, -30.32000000000001094 ) ) ;
#196 = FACE_OUTER_BOUND ( 'NONE', #68, .T. ) ;
#197 = ORIENTED_EDGE ( 'NONE', *, *, #1929, .F. ) ;
#198 = EDGE_CURVE ( 'NONE', #1132, #284, #1143, .T. ) ;
#199 = ORIENTED_EDGE ( 'NONE', *, *, #837, .F. ) ;
#200 = EDGE_LOOP ( 'NONE', ( #1461, #1671, #1885 ) ) ;
#201 = DIRECTION ( 'NONE',  ( 0.3826834323650925018, 0.9238795325112855172, 0.000000000000000000 ) ) ;
#202 = EDGE_LOOP ( 'NONE', ( #238, #1475, #422, #819 ) ) ;
#203 = LINE ( 'NONE', #1688, #1808 ) ;
#204 = LINE ( 'NONE', #195, #180 ) ;
#205 = AXIS2_PLACEMENT_3D ( 'NONE', #1540, #915, #779 ) ;
#206 = DIRECTION ( 'NONE',  ( 0.9807757189120169805, 0.1951383847238064018, 2.389755982427951941E-17 ) ) ;
#207 = ORIENTED_EDGE ( 'NONE', *, *, #1016, .F. ) ;
#208 = EDGE_LOOP ( 'NONE', ( #1847, #334, #158, #992 ) ) ;
#209 = CIRCLE ( 'NONE', #1370, 150.8000000000000114 ) ;
#210 = ORIENTED_EDGE ( 'NONE', *, *, #1762, .T. ) ;
#211 = EDGE_CURVE ( 'NONE', #378, #1410, #394, .T. ) ;
#212 = CONICAL_SURFACE ( 'NONE', #1871, 88.90000000000001990, 1.298032741768478049 ) ;
#213 = DIRECTION ( 'NONE',  ( -0.000000000000000000, 1.224646799147352714E-16, -1.000000000000000000 ) ) ;
#214 = CARTESIAN_POINT ( 'NONE',  ( 0.000000000000000000, 0.000000000000000000, 0.000000000000000000 ) ) ;
#215 = CARTESIAN_POINT ( 'NONE',  ( -4.194212368037345305E-47, -1.142816954388334775E-30, 9.331808609502827440E-15 ) ) ;
#216 = PLANE ( 'NONE',  #1402 ) ;
#217 = ORIENTED_EDGE ( 'NONE', *, *, #762, .F. ) ;
#218 = ORIENTED_EDGE ( 'NONE', *, *, #823, .F. ) ;
#219 = EDGE_LOOP ( 'NONE', ( #354, #1718, #321, #291 ) ) ;
#220 = DIRECTION ( 'NONE',  ( -1.000000000000000000, 0.000000000000000000, 0.000000000000000000 ) ) ;
#221 = DIRECTION ( 'NONE',  ( -0.000000000000000000, 1.224646799147352714E-16, -1.000000000000000000 ) ) ;
#222 = EDGE_CURVE ( 'NONE', #646, #789, #670, .T. ) ;
#223 = CARTESIAN_POINT ( 'NONE',  ( 0.000000000000000000, 3.713129095014775183E-15, -30.32000000000001450 ) ) ;
#224 = CARTESIAN_POINT ( 'NONE',  ( 78.74000000000000909, 75.55081942700407183, -29.62547077150486885 ) ) ;
#225 = VERTEX_POINT ( 'NONE', #1761 ) ;
#226 = DIRECTION ( 'NONE',  ( 0.000000000000000000, 1.000000000000000000, 1.207864489241145538E-16 ) ) ;
#227 = ORIENTED_EDGE ( 'NONE', *, *, #576, .F. ) ;
#228 = DIRECTION ( 'NONE',  ( 0.000000000000000000, 0.000000000000000000, 1.000000000000000000 ) ) ;
#229 = LINE ( 'NONE', #830, #357 ) ;
#230 = CARTESIAN_POINT ( 'NONE',  ( -49.79587028260116455, -130.1738751787750630, -13.97000000000001485 ) ) ;
#231 = EDGE_CURVE ( 'NONE', #1258, #1165, #870, .T. ) ;
#232 = CARTESIAN_POINT ( 'NONE',  ( -21.35373552597132019, -4.247522085869912090, -30.32000000000001450 ) ) ;
#233 = VERTEX_POINT ( 'NONE', #1571 ) ;
#234 = CARTESIAN_POINT ( 'NONE',  ( -34.82236688441543748, 116.0864990624110931, -8.984999999999995879 ) ) ;
#235 = FACE_OUTER_BOUND ( 'NONE', #1015, .T. ) ;
#236 = ORIENTED_EDGE ( 'NONE', *, *, #448, .T. ) ;
#237 = VECTOR ( 'NONE', #912, 1000.000000000000000 ) ;
#238 = ORIENTED_EDGE ( 'NONE', *, *, #919, .F. ) ;
#239 = CARTESIAN_POINT ( 'NONE',  ( 149.4716767334525116, 29.73176507525695556, -30.32000000000001805 ) ) ;
#240 = VECTOR ( 'NONE', #347, 1000.000000000000114 ) ;
#241 = DIRECTION ( 'NONE',  ( -0.000000000000000000, 1.224646799147352714E-16, -1.000000000000000000 ) ) ;
#242 = SURFACE_STYLE_USAGE ( .BOTH. , #539 ) ;
#243 = DIRECTION ( 'NONE',  ( 0.000000000000000000, 1.000000000000000000, 1.224646799147352714E-16 ) ) ;
#244 = EDGE_CURVE ( 'NONE', #1210, #251, #1151, .T. ) ;
#245 = EDGE_LOOP ( 'NONE', ( #392, #1358, #1126, #956, #1474, #798, #725, #573 ) ) ;
#246 = DIRECTION ( 'NONE',  ( 0.000000000000000000, -1.224646799147352714E-16, 1.000000000000000000 ) ) ;
#247 = CARTESIAN_POINT ( 'NONE',  ( 0.000000000000000000, 7.776507174585689205E-16, -6.350000000000001421 ) ) ;
#248 = EDGE_CURVE ( 'NONE', #268, #70, #1653, .T. ) ;
#249 = EDGE_CURVE ( 'NONE', #733, #1061, #303, .T. ) ;
#250 = VERTEX_POINT ( 'NONE', #1582 ) ;
#251 = VERTEX_POINT ( 'NONE', #899 ) ;
#252 = CARTESIAN_POINT ( 'NONE',  ( -0.3512490925028538546, 1.765396294041633674, -30.32000000000001450 ) ) ;
#253 = DIRECTION ( 'NONE',  ( 0.000000000000000000, 0.000000000000000000, 1.000000000000000000 ) ) ;
#254 = LINE ( 'NONE', #230, #1076 ) ;
#255 = DIRECTION ( 'NONE',  ( 0.000000000000000000, 1.000000000000000000, 1.170791997284683990E-16 ) ) ;
#256 = ORIENTED_EDGE ( 'NONE', *, *, #1879, .F. ) ;
#257 = FACE_OUTER_BOUND ( 'NONE', #1685, .T. ) ;
#258 = CARTESIAN_POINT ( 'NONE',  ( 115.8540969910451821, 35.99362041236611987, -8.984999999999988773 ) ) ;
#259 = ORIENTED_EDGE ( 'NONE', *, *, #1496, .F. ) ;
#260 = ADVANCED_FACE ( 'NONE', ( #442 ), #1308, .T. ) ;
#261 = ORIENTED_EDGE ( 'NONE', *, *, #801, .T. ) ;
#262 = DIRECTION ( 'NONE',  ( 0.000000000000000000, -1.224646799147352714E-16, 1.000000000000000000 ) ) ;
#263 = LINE ( 'NONE', #1139, #424 ) ;
#264 = DIRECTION ( 'NONE',  ( 0.9807757189120169805, 0.1951383847238063740, 2.389755982427951941E-17 ) ) ;
#265 = ORIENTED_EDGE ( 'NONE', *, *, #754, .T. ) ;
#266 = DIRECTION ( 'NONE',  ( -0.000000000000000000, 1.224646799147352714E-16, -1.000000000000000000 ) ) ;
#267 = CARTESIAN_POINT ( 'NONE',  ( 0.000000000000000000, 3.713129095014774394E-15, -30.32000000000000739 ) ) ;
#268 = VERTEX_POINT ( 'NONE', #750 ) ;
#269 = VECTOR ( 'NONE', #507, 1000.000000000000000 ) ;
#270 = ORIENTED_EDGE ( 'NONE', *, *, #1762, .F. ) ;
#271 = EDGE_CURVE ( 'NONE', #1771, #700, #488, .T. ) ;
#272 = CARTESIAN_POINT ( 'NONE',  ( 78.74000000000000909, 78.73999999999999488, -29.32000000000001450 ) ) ;
#273 = DIRECTION ( 'NONE',  ( -0.000000000000000000, 1.224646799147352714E-16, -1.000000000000000000 ) ) ;
#274 = VECTOR ( 'NONE', #1599, 1000.000000000000000 ) ;
#275 = VECTOR ( 'NONE', #940, 1000.000000000000000 ) ;
#276 = CARTESIAN_POINT ( 'NONE',  ( 0.000000000000000000, 2.200690298067793894E-15, -17.97000000000000952 ) ) ;
#277 = AXIS2_PLACEMENT_3D ( 'NONE', #572, #1918, #1747 ) ;
#278 = ORIENTED_EDGE ( 'NONE', *, *, #1748, .F. ) ;
#279 = DIRECTION ( 'NONE',  ( -0.7071067811865492381, 0.7071067811865457964, 0.000000000000000000 ) ) ;
#280 = DIRECTION ( 'NONE',  ( -0.9807757189120169805, -0.1951383847238063740, -2.389755982427951941E-17 ) ) ;
#281 = VERTEX_POINT ( 'NONE', #161 ) ;
#282 = AXIS2_PLACEMENT_3D ( 'NONE', #1214, #311, #1776 ) ;
#283 = APPLICATION_CONTEXT ( 'automotive_design' ) ;
#284 = VERTEX_POINT ( 'NONE', #1809 ) ;
#285 = DIRECTION ( 'NONE',  ( 0.000000000000000000, -1.000000000000000000, -1.224646799147352714E-16 ) ) ;
#286 = CARTESIAN_POINT ( 'NONE',  ( -52.42351284911345033, -25.83844429242987317, -6.350000000000004974 ) ) ;
#287 = EDGE_CURVE ( 'NONE', #937, #1447, #1399, .T. ) ;
#288 = DIRECTION ( 'NONE',  ( -0.000000000000000000, -0.000000000000000000, 1.000000000000000000 ) ) ;
#289 = DIRECTION ( 'NONE',  ( 0.9807852804032318739, 0.1950903220161216145, 0.000000000000000000 ) ) ;
#290 = ORIENTED_EDGE ( 'NONE', *, *, #814, .T. ) ;
#291 = ORIENTED_EDGE ( 'NONE', *, *, #599, .T. ) ;
#292 = CARTESIAN_POINT ( 'NONE',  ( 82.18980649779086889, 16.34856898495100808, -8.985000000000002984 ) ) ;
#293 = DIRECTION ( 'NONE',  ( 0.000000000000000000, 1.000000000000000000, 1.252096997096120642E-16 ) ) ;
#294 = ADVANCED_FACE ( 'NONE', ( #1340 ), #1901, .T. ) ;
#295 = DIRECTION ( 'NONE',  ( -0.000000000000000000, 1.224646799147352714E-16, -1.000000000000000000 ) ) ;
#296 = DIRECTION ( 'NONE',  ( 0.1950903220161217533, -0.9807852804032317628, -1.665334536937734811E-16 ) ) ;
#297 = ORIENTED_EDGE ( 'NONE', *, *, #1006, .T. ) ;
#298 = CIRCLE ( 'NONE', #1203, 152.4000000000000057 ) ;
#299 = ORIENTED_EDGE ( 'NONE', *, *, #954, .F. ) ;
#300 = CARTESIAN_POINT ( 'NONE',  ( -51.85782742416421343, -25.60412971737910226, -13.97000000000000064 ) ) ;
#301 = AXIS2_PLACEMENT_3D ( 'NONE', #436, #1472, #739 ) ;
#302 = DIRECTION ( 'NONE',  ( -0.000000000000000000, 1.224646799147352714E-16, -1.000000000000000000 ) ) ;
#303 = CIRCLE ( 'NONE', #57, 5.099999999999984546 ) ;
#304 = AXIS2_PLACEMENT_3D ( 'NONE', #410, #1303, #970 ) ;
#305 = VECTOR ( 'NONE', #948, 1000.000000000000000 ) ;
#306 = DIRECTION ( 'NONE',  ( 0.1951383847238063740, -0.9807757189120169805, 6.736544432432387203E-33 ) ) ;
#307 = ORIENTED_EDGE ( 'NONE', *, *, #484, .F. ) ;
#308 = EDGE_CURVE ( 'NONE', #883, #1210, #428, .T. ) ;
#309 = EDGE_LOOP ( 'NONE', ( #1649, #699, #1919, #740 ) ) ;
#310 = CARTESIAN_POINT ( 'NONE',  ( 61.82270796424545978, 139.2972102375622683, -13.96999999999998288 ) ) ;
#311 = DIRECTION ( 'NONE',  ( -0.000000000000000000, 1.224646799147352714E-16, -1.000000000000000000 ) ) ;
#312 = LINE ( 'NONE', #889, #1584 ) ;
#313 = CARTESIAN_POINT ( 'NONE',  ( -0.1561107077790457875, 0.7846205751296171371, 6.679999999999964189 ) ) ;
#314 = FACE_OUTER_BOUND ( 'NONE', #1059, .T. ) ;
#315 = ORIENTED_EDGE ( 'NONE', *, *, #1622, .F. ) ;
#316 = ORIENTED_EDGE ( 'NONE', *, *, #1195, .F. ) ;
#317 = CARTESIAN_POINT ( 'NONE',  ( 0.000000000000000000, 7.776507174585696107E-16, -6.350000000000004974 ) ) ;
#318 = ADVANCED_FACE ( 'NONE', ( #1647 ), #1922, .F. ) ;
#319 = DIRECTION ( 'NONE',  ( 0.9807852804032318739, 0.1950903220161216145, 0.000000000000000000 ) ) ;
#320 = DIRECTION ( 'NONE',  ( 0.000000000000000000, 1.000000000000000000, 1.170791997284684236E-16 ) ) ;
#321 = ORIENTED_EDGE ( 'NONE', *, *, #1541, .F. ) ;
#322 = DIRECTION ( 'NONE',  ( -0.000000000000000000, 1.224646799147352714E-16, -1.000000000000000000 ) ) ;
#323 = VERTEX_POINT ( 'NONE', #1041 ) ;
#324 = FACE_OUTER_BOUND ( 'NONE', #119, .T. ) ;
#325 = ADVANCED_FACE ( 'NONE', ( #11 ), #1798, .T. ) ;
#326 = AXIS2_PLACEMENT_3D ( 'NONE', #276, #1803, #882 ) ;
#327 = CARTESIAN_POINT ( 'NONE',  ( 113.3297391505934542, 22.54268670896286153, -8.984999999999990550 ) ) ;
#328 = CARTESIAN_POINT ( 'NONE',  ( 0.000000000000000000, 3.713129095014775971E-15, -30.32000000000002160 ) ) ;
#329 = VECTOR ( 'NONE', #522, 1000.000000000000000 ) ;
#330 = EDGE_CURVE ( 'NONE', #1259, #1742, #593, .T. ) ;
#331 = CIRCLE ( 'NONE', #1109, 152.4000000000000057 ) ;
#332 = CIRCLE ( 'NONE', #1150, 4.000000000000011546 ) ;
#333 = DIRECTION ( 'NONE',  ( -0.000000000000000000, 1.224646799147352714E-16, -1.000000000000000000 ) ) ;
#334 = ORIENTED_EDGE ( 'NONE', *, *, #1353, .T. ) ;
#335 = VECTOR ( 'NONE', #482, 1000.000000000000000 ) ;
#336 = VERTEX_POINT ( 'NONE', #1191 ) ;
#337 = ORIENTED_EDGE ( 'NONE', *, *, #157, .F. ) ;
#338 = DIRECTION ( 'NONE',  ( 0.000000000000000000, 0.000000000000000000, 1.000000000000000000 ) ) ;
#339 = FACE_OUTER_BOUND ( 'NONE', #1316, .T. ) ;
#340 = LINE ( 'NONE', #358, #523 ) ;
#341 = ADVANCED_FACE ( 'NONE', ( #1655 ), #1792, .F. ) ;
#342 = ADVANCED_FACE ( 'NONE', ( #1664 ), #1783, .T. ) ;
#343 = LINE ( 'NONE', #491, #990 ) ;
#344 = EDGE_LOOP ( 'NONE', ( #512, #955, #63, #107 ) ) ;
#345 = CARTESIAN_POINT ( 'NONE',  ( 84.71416433824261105, 29.79950268835426641, -8.985000000000001208 ) ) ;
#346 = ORIENTED_EDGE ( 'NONE', *, *, #890, .F. ) ;
#347 = DIRECTION ( 'NONE',  ( -0.7071067811865457964, -0.7071067811865492381, -8.659560562354951347E-17 ) ) ;
#348 = DIRECTION ( 'NONE',  ( 0.9238795325112870716, 0.3826834323650891712, 0.000000000000000000 ) ) ;
#349 = DIRECTION ( 'NONE',  ( 0.000000000000000000, 0.000000000000000000, -1.000000000000000000 ) ) ;
#350 = FACE_OUTER_BOUND ( 'NONE', #1395, .T. ) ;
#351 = ADVANCED_FACE ( 'NONE', ( #451 ), #908, .T. ) ;
#352 = ORIENTED_EDGE ( 'NONE', *, *, #1499, .T. ) ;
#353 = LINE ( 'NONE', #58, #707 ) ;
#354 = ORIENTED_EDGE ( 'NONE', *, *, #1510, .T. ) ;
#355 = FACE_OUTER_BOUND ( 'NONE', #309, .T. ) ;
#356 = DIRECTION ( 'NONE',  ( -0.000000000000000000, 1.224646799147352714E-16, -1.000000000000000000 ) ) ;
#357 = VECTOR ( 'NONE', #562, 1000.000000000000000 ) ;
#358 = CARTESIAN_POINT ( 'NONE',  ( 89.71616926829908323, 30.79446333063648922, -8.985000000000001208 ) ) ;
#359 = CIRCLE ( 'NONE', #1745, 1.800000000000000044 ) ;
#360 = CARTESIAN_POINT ( 'NONE',  ( 78.74000000000000909, 77.14555425986533521, -29.93612781560382174 ) ) ;
#361 = VERTEX_POINT ( 'NONE', #757 ) ;
#362 = EDGE_LOOP ( 'NONE', ( #1185, #854, #1820, #1598 ) ) ;
#363 = VECTOR ( 'NONE', #1606, 1000.000000000000114 ) ;
#364 = EDGE_LOOP ( 'NONE', ( #1856, #887, #261, #12 ) ) ;
#365 = EDGE_CURVE ( 'NONE', #984, #1924, #1050, .T. ) ;
#366 = AXIS2_PLACEMENT_3D ( 'NONE', #694, #824, #1445 ) ;
#367 = DIRECTION ( 'NONE',  ( 0.1951383847238063740, -0.9807757189120169805, 0.000000000000000000 ) ) ;
#368 = DIRECTION ( 'NONE',  ( 0.1951383847238061242, -0.9807757189120170915, 0.000000000000000000 ) ) ;
#369 = FACE_OUTER_BOUND ( 'NONE', #1521, .T. ) ;
#370 = ORIENTED_EDGE ( 'NONE', *, *, #606, .F. ) ;
#371 = DIRECTION ( 'NONE',  ( 0.000000000000000000, 1.000000000000000000, 1.224646799147352714E-16 ) ) ;
#372 = EDGE_LOOP ( 'NONE', ( #1021, #821, #1398, #1827 ) ) ;
#373 = ADVANCED_FACE ( 'NONE', ( #583, #1181, #1356, #314 ), #131, .T. ) ;
#374 = LINE ( 'NONE', #1443, #1713 ) ;
#375 = CYLINDRICAL_SURFACE ( 'NONE', #800, 150.8000000000000114 ) ;
#376 = DIRECTION ( 'NONE',  ( 0.9807852804032317628, 0.1950903220161215035, 0.000000000000000000 ) ) ;
#377 = CARTESIAN_POINT ( 'NONE',  ( -20.26850660039655594, 37.81346833797325502, -8.984999999999986997 ) ) ;
#378 = VERTEX_POINT ( 'NONE', #656 ) ;
#379 = DIRECTION ( 'NONE',  ( 0.1951383847238061242, -0.9807757189120170915, 0.000000000000000000 ) ) ;
#380 = DIRECTION ( 'NONE',  ( 0.9807852804032317628, 0.1950903220161215035, 0.000000000000000000 ) ) ;
#381 = ORIENTED_EDGE ( 'NONE', *, *, #1689, .T. ) ;
#382 = VERTEX_POINT ( 'NONE', #809 ) ;
#383 = DIRECTION ( 'NONE',  ( -1.000000000000000000, 0.000000000000000000, 0.000000000000000000 ) ) ;
#384 = DIRECTION ( 'NONE',  ( -0.9807757189120169805, -0.1951383847238063740, -2.389755982427951941E-17 ) ) ;
#385 = EDGE_CURVE ( 'NONE', #40, #225, #1867, .T. ) ;
#386 = DIRECTION ( 'NONE',  ( 0.1950903220161217533, -0.9807852804032317628, -1.201115554296656984E-16 ) ) ;
#387 = AXIS2_PLACEMENT_3D ( 'NONE', #1011, #264, #979 ) ;
#388 = ADVANCED_FACE ( 'NONE', ( #196 ), #187, .F. ) ;
#389 = ADVANCED_FACE ( 'NONE', ( #350 ), #1364, .F. ) ;
#390 = DIRECTION ( 'NONE',  ( 0.000000000000000000, -1.224646799147352714E-16, 1.000000000000000000 ) ) ;
#391 = AXIS2_PLACEMENT_3D ( 'NONE', #123, #1600, #1917 ) ;
#392 = ORIENTED_EDGE ( 'NONE', *, *, #1278, .T. ) ;
#393 = DIRECTION ( 'NONE',  ( 0.000000000000000000, -1.000000000000000000, -1.224646799147352714E-16 ) ) ;
#394 = LINE ( 'NONE', #1719, #611 ) ;
#395 = ORIENTED_EDGE ( 'NONE', *, *, #1920, .F. ) ;
#396 = AXIS2_PLACEMENT_3D ( 'NONE', #607, #280, #306 ) ;
#397 = AXIS2_PLACEMENT_3D ( 'NONE', #1404, #53, #631 ) ;
#398 = VERTEX_POINT ( 'NONE', #1237 ) ;
#399 = DIRECTION ( 'NONE',  ( 0.9807852804032316518, 0.1950903220161216978, 2.389167384016697620E-17 ) ) ;
#400 = AXIS2_PLACEMENT_3D ( 'NONE', #234, #1458, #1437 ) ;
#401 = LINE ( 'NONE', #1926, #171 ) ;
#402 = CARTESIAN_POINT ( 'NONE',  ( 115.8540969910451821, 35.99362041236611987, -8.984999999999988773 ) ) ;
#403 = CARTESIAN_POINT ( 'NONE',  ( 0.000000000000000000, 0.000000000000000000, 0.000000000000000000 ) ) ;
#404 = ORIENTED_EDGE ( 'NONE', *, *, #1361, .F. ) ;
#405 = EDGE_CURVE ( 'NONE', #480, #1580, #458, .T. ) ;
#406 = FACE_OUTER_BOUND ( 'NONE', #140, .T. ) ;
#407 = CARTESIAN_POINT ( 'NONE',  ( 21.35878803543409887, -107.3503848061039889, -30.32000000000002871 ) ) ;
#408 = ORIENTED_EDGE ( 'NONE', *, *, #1140, .F. ) ;
#409 = VERTEX_POINT ( 'NONE', #1218 ) ;
#410 = CARTESIAN_POINT ( 'NONE',  ( -27.84616963053936090, 81.02376711130646925, -8.984999999999981668 ) ) ;
#411 = DIRECTION ( 'NONE',  ( -1.000000000000000000, 0.000000000000000000, -0.000000000000000000 ) ) ;
#412 = DIRECTION ( 'NONE',  ( 4.594134073787452576E-19, -1.247737157076550220E-16, 1.000000000000000000 ) ) ;
#413 = VERTEX_POINT ( 'NONE', #1690 ) ;
#414 = CARTESIAN_POINT ( 'NONE',  ( 0.000000000000000000, 7.776507174585689205E-16, -6.350000000000001421 ) ) ;
#415 = EDGE_CURVE ( 'NONE', #911, #251, #359, .T. ) ;
#416 = DIRECTION ( 'NONE',  ( -0.000000000000000000, 1.224646799147352714E-16, -1.000000000000000000 ) ) ;
#417 = ORIENTED_EDGE ( 'NONE', *, *, #189, .F. ) ;
#418 = ORIENTED_EDGE ( 'NONE', *, *, #1721, .T. ) ;
#419 = LINE ( 'NONE', #1485, #772 ) ;
#420 = PLANE ( 'NONE',  #597 ) ;
#421 = DIRECTION ( 'NONE',  ( -0.9807852804032316518, -0.1950903220161216978, -2.389167384016697620E-17 ) ) ;
#422 = ORIENTED_EDGE ( 'NONE', *, *, #954, .T. ) ;
#423 = DIRECTION ( 'NONE',  ( -0.7071067811865457964, -0.7071067811865492381, 0.000000000000000000 ) ) ;
#424 = VECTOR ( 'NONE', #253, 1000.000000000000000 ) ;
#425 = DIRECTION ( 'NONE',  ( -0.000000000000000000, 1.224646799147352714E-16, -1.000000000000000000 ) ) ;
#426 = VERTEX_POINT ( 'NONE', #1824 ) ;
#427 = CIRCLE ( 'NONE', #768, 5.099999999999998757 ) ;
#428 = CIRCLE ( 'NONE', #1082, 1.800000000000000044 ) ;
#429 = VERTEX_POINT ( 'NONE', #942 ) ;
#430 = DIRECTION ( 'NONE',  ( -0.9807757189120169805, -0.1951383847238063740, -2.389755982427951941E-17 ) ) ;
#431 = EDGE_CURVE ( 'NONE', #38, #40, #1227, .T. ) ;
#432 = AXIS2_PLACEMENT_3D ( 'NONE', #1282, #536, #1428 ) ;
#433 = AXIS2_PLACEMENT_3D ( 'NONE', #1674, #928, #1400 ) ;
#434 = CARTESIAN_POINT ( 'NONE',  ( -78.09407683632881003, -72.70592316367159924, -13.97000000000000597 ) ) ;
#435 = DIRECTION ( 'NONE',  ( 2.343814641690067863E-17, 4.663331222950435863E-18, -1.000000000000000000 ) ) ;
#436 = CARTESIAN_POINT ( 'NONE',  ( -19.28773088148453851, 38.00860672269705987, -8.984999999999986997 ) ) ;
#437 = ORIENTED_EDGE ( 'NONE', *, *, #1566, .T. ) ;
#438 = ORIENTED_EDGE ( 'NONE', *, *, #64, .F. ) ;
#439 = CARTESIAN_POINT ( 'NONE',  ( -29.73908983190822397, 149.4702195621914029, -17.96999999999998110 ) ) ;
#440 = ADVANCED_FACE ( 'NONE', ( #922 ), #1249, .T. ) ;
#441 = CARTESIAN_POINT ( 'NONE',  ( 0.000000000000000000, 152.4000000000000057, -17.96999999999998110 ) ) ;
#442 = FACE_OUTER_BOUND ( 'NONE', #1562, .T. ) ;
#443 = ORIENTED_EDGE ( 'NONE', *, *, #851, .F. ) ;
#444 = ORIENTED_EDGE ( 'NONE', *, *, #776, .T. ) ;
#445 = CYLINDRICAL_SURFACE ( 'NONE', #1905, 5.099999999999998757 ) ;
#446 = CARTESIAN_POINT ( 'NONE',  ( 109.2917407412969766, 103.9035870686721097, -6.349999999999988098 ) ) ;
#447 = FACE_OUTER_BOUND ( 'NONE', #560, .T. ) ;
#448 = EDGE_CURVE ( 'NONE', #1327, #981, #87, .T. ) ;
#449 = CARTESIAN_POINT ( 'NONE',  ( -3.992134363454345614E-32, -1.100347846493836453E-16, 0.8985022026431963571 ) ) ;
#450 = EDGE_CURVE ( 'NONE', #168, #1291, #1705, .T. ) ;
#451 = FACE_OUTER_BOUND ( 'NONE', #245, .T. ) ;
#452 = VERTEX_POINT ( 'NONE', #1383 ) ;
#453 = CIRCLE ( 'NONE', #831, 1.000000000000000000 ) ;
#454 = EDGE_LOOP ( 'NONE', ( #708, #1349, #1090, #162 ) ) ;
#455 = CIRCLE ( 'NONE', #84, 5.000000000000010658 ) ;
#456 = DIRECTION ( 'NONE',  ( 0.000000000000000000, -1.000000000000000000, 0.000000000000000000 ) ) ;
#457 = DIRECTION ( 'NONE',  ( -0.000000000000000000, 0.000000000000000000, -1.000000000000000000 ) ) ;
#458 = CIRCLE ( 'NONE', #743, 150.8000000000000114 ) ;
#459 = FACE_OUTER_BOUND ( 'NONE', #372, .T. ) ;
#460 = VECTOR ( 'NONE', #184, 1000.000000000000114 ) ;
#461 = AXIS2_PLACEMENT_3D ( 'NONE', #530, #1123, #1063 ) ;
#462 = LINE ( 'NONE', #153, #29 ) ;
#463 = AXIS2_PLACEMENT_3D ( 'NONE', #1295, #1893, #1420 ) ;
#464 = DIRECTION ( 'NONE',  ( 0.000000000000000000, 1.000000000000000000, 1.224646799147352714E-16 ) ) ;
#465 = ADVANCED_FACE ( 'NONE', ( #1100 ), #1779, .T. ) ;
#466 = ORIENTED_EDGE ( 'NONE', *, *, #25, .T. ) ;
#467 = ORIENTED_EDGE ( 'NONE', *, *, #1243, .F. ) ;
#468 = LINE ( 'NONE', #1515, #305 ) ;
#469 = CARTESIAN_POINT ( 'NONE',  ( 139.2972102375509280, 61.82270796427101800, -6.349999999999997868 ) ) ;
#470 = DIRECTION ( 'NONE',  ( 0.000000000000000000, 1.000000000000000000, 1.224646799147348770E-16 ) ) ;
#471 = ORIENTED_EDGE ( 'NONE', *, *, #1578, .F. ) ;
#472 = ADVANCED_FACE ( 'NONE', ( #634 ), #55, .F. ) ;
#473 = CARTESIAN_POINT ( 'NONE',  ( 0.000000000000000000, 1.710831578408851526E-15, -13.97000000000000064 ) ) ;
#474 = VERTEX_POINT ( 'NONE', #1855 ) ;
#475 = CARTESIAN_POINT ( 'NONE',  ( 3.809999999999981846, 150.7518620117178045, -13.96999999999998110 ) ) ;
#476 = DIRECTION ( 'NONE',  ( 0.000000000000000000, -1.224646799147352714E-16, 1.000000000000000000 ) ) ;
#477 = LINE ( 'NONE', #215, #1629 ) ;
#478 = DIRECTION ( 'NONE',  ( 0.1951383847238067903, -0.9807757189120169805, 0.000000000000000000 ) ) ;
#479 = EDGE_LOOP ( 'NONE', ( #813, #916, #1092, #557 ) ) ;
#480 = VERTEX_POINT ( 'NONE', #765 ) ;
#481 = ORIENTED_EDGE ( 'NONE', *, *, #308, .T. ) ;
#482 = DIRECTION ( 'NONE',  ( 0.000000000000000000, 0.000000000000000000, 1.000000000000000000 ) ) ;
#483 =( GEOMETRIC_REPRESENTATION_CONTEXT ( 3 ) GLOBAL_UNCERTAINTY_ASSIGNED_CONTEXT ( ( #1206 ) ) GLOBAL_UNIT_ASSIGNED_CONTEXT ( ( #1202, #21, #907 ) ) REPRESENTATION_CONTEXT ( 'NONE', 'WORKASPACE' ) );
#484 = EDGE_CURVE ( 'NONE', #981, #1222, #343, .T. ) ;
#485 = EDGE_CURVE ( 'NONE', #7, #949, #1910, .T. ) ;
#486 = CARTESIAN_POINT ( 'NONE',  ( 115.8540969910451821, 35.99362041236611987, -8.984999999999988773 ) ) ;
#487 = AXIS2_PLACEMENT_3D ( 'NONE', #925, #1826, #1221 ) ;
#488 = CIRCLE ( 'NONE', #301, 4.999999999999996447 ) ;
#489 = DIRECTION ( 'NONE',  ( 0.1951383847238069569, -0.9807757189120168695, 0.000000000000000000 ) ) ;
#490 = AXIS2_PLACEMENT_3D ( 'NONE', #122, #561, #1453 ) ;
#491 = CARTESIAN_POINT ( 'NONE',  ( -34.82745067970842001, 110.9874820831271904, -8.984999999999995879 ) ) ;
#492 = ORIENTED_EDGE ( 'NONE', *, *, #1675, .F. ) ;
#493 = CIRCLE ( 'NONE', #62, 1.000000000000000000 ) ;
#494 = DIRECTION ( 'NONE',  ( 0.000000000000000000, 0.000000000000000000, -1.000000000000000000 ) ) ;
#495 = ORIENTED_EDGE ( 'NONE', *, *, #1096, .T. ) ;
#496 = FACE_BOUND ( 'NONE', #626, .T. ) ;
#497 = EDGE_LOOP ( 'NONE', ( #133, #1173, #1387, #104 ) ) ;
#498 = PLANE ( 'NONE',  #840 ) ;
#499 = EDGE_CURVE ( 'NONE', #1077, #336, #1604, .T. ) ;
#500 = DIRECTION ( 'NONE',  ( -0.9807757189120169805, -0.1951383847238063740, -2.389755982427951941E-17 ) ) ;
#501 = ORIENTED_EDGE ( 'NONE', *, *, #1479, .F. ) ;
#502 = CARTESIAN_POINT ( 'NONE',  ( -23.54344611692724243, 118.3305904867348630, -8.984999999999995879 ) ) ;
#503 = VERTEX_POINT ( 'NONE', #964 ) ;
#504 = DIRECTION ( 'NONE',  ( 0.9807757189120169805, 0.1951383847238064018, 2.389755982427951941E-17 ) ) ;
#505 = DIRECTION ( 'NONE',  ( 0.1951383847238072067, -0.9807757189120168695, -1.201103844847045176E-16 ) ) ;
#506 = DIRECTION ( 'NONE',  ( 0.1951383847238061520, -0.9807757189120169805, 0.000000000000000000 ) ) ;
#507 = DIRECTION ( 'NONE',  ( -0.000000000000000000, 1.224646799147352714E-16, -1.000000000000000000 ) ) ;
#508 = ORIENTED_EDGE ( 'NONE', *, *, #1689, .F. ) ;
#509 = ADVANCED_FACE ( 'NONE', ( #369 ), #216, .T. ) ;
#510 = ADVANCED_FACE ( 'NONE', ( #1894 ), #1434, .F. ) ;
#511 = DIRECTION ( 'NONE',  ( 0.1951383847238063740, -0.9807757189120169805, 6.736544432432387203E-33 ) ) ;
#512 = ORIENTED_EDGE ( 'NONE', *, *, #944, .T. ) ;
#513 = CARTESIAN_POINT ( 'NONE',  ( -21.04906013929178243, 41.73657121362132472, -8.984999999999986997 ) ) ;
#514 = SHAPE_DEFINITION_REPRESENTATION ( #1081, #1524 ) ;
#515 = AXIS2_PLACEMENT_3D ( 'NONE', #977, #1744, #867 ) ;
#516 = CARTESIAN_POINT ( 'NONE',  ( 0.000000000000000000, 7.776507174585689205E-16, -6.350000000000001421 ) ) ;
#517 = VECTOR ( 'NONE', #1672, 1000.000000000000000 ) ;
#518 = AXIS2_PLACEMENT_3D ( 'NONE', #1263, #103, #255 ) ;
#519 = ORIENTED_EDGE ( 'NONE', *, *, #1789, .F. ) ;
#520 = AXIS2_PLACEMENT_3D ( 'NONE', #1669, #950, #1815 ) ;
#521 = ADVANCED_FACE ( 'NONE', ( #825 ), #848, .T. ) ;
#522 = DIRECTION ( 'NONE',  ( -0.000000000000000000, 1.224646799147352714E-16, -1.000000000000000000 ) ) ;
#523 = VECTOR ( 'NONE', #35, 1000.000000000000114 ) ;
#524 = ORIENTED_EDGE ( 'NONE', *, *, #415, .F. ) ;
#525 = VECTOR ( 'NONE', #683, 1000.000000000000000 ) ;
#526 = CYLINDRICAL_SURFACE ( 'NONE', #1780, 88.90000000000000568 ) ;
#527 = DIRECTION ( 'NONE',  ( 0.000000000000000000, -1.000000000000000000, 0.000000000000000000 ) ) ;
#528 = DIRECTION ( 'NONE',  ( 0.1951383847238059854, -0.9807757189120170915, 0.000000000000000000 ) ) ;
#529 = ORIENTED_EDGE ( 'NONE', *, *, #742, .F. ) ;
#530 = CARTESIAN_POINT ( 'NONE',  ( 0.000000000000000000, 0.000000000000000000, 0.000000000000000000 ) ) ;
#531 = DIRECTION ( 'NONE',  ( 0.9807852804032317628, 0.1950903220161215035, 0.000000000000000000 ) ) ;
#532 = EDGE_LOOP ( 'NONE', ( #307, #1028, #1609, #679 ) ) ;
#533 = EDGE_CURVE ( 'NONE', #766, #429, #1733, .T. ) ;
#534 = ORIENTED_EDGE ( 'NONE', *, *, #978, .T. ) ;
#535 = EDGE_CURVE ( 'NONE', #1759, #826, #1712, .T. ) ;
#536 = DIRECTION ( 'NONE',  ( 0.1950903220161217533, -0.9807852804032317628, -1.201115554296656984E-16 ) ) ;
#537 = EDGE_CURVE ( 'NONE', #336, #98, #1296, .T. ) ;
#538 = DIRECTION ( 'NONE',  ( 0.000000000000000000, 1.000000000000000000, 1.150347132610614786E-16 ) ) ;
#539 = SURFACE_SIDE_STYLE ('',( #92 ) ) ;
#540 = DIRECTION ( 'NONE',  ( 0.9807852804032316518, 0.1950903220161217255, 0.000000000000000000 ) ) ;
#541 = VERTEX_POINT ( 'NONE', #672 ) ;
#542 = CARTESIAN_POINT ( 'NONE',  ( 0.000000000000000000, -111.5999999999999943, -30.32000000000002871 ) ) ;
#543 = CYLINDRICAL_SURFACE ( 'NONE', #833, 150.8000000000000114 ) ;
#544 = ORIENTED_EDGE ( 'NONE', *, *, #308, .F. ) ;
#545 = ORIENTED_EDGE ( 'NONE', *, *, #1451, .F. ) ;
#546 = DIRECTION ( 'NONE',  ( 0.9807757189120169805, 0.1951383847238064018, 2.389755982427951941E-17 ) ) ;
#547 = CARTESIAN_POINT ( 'NONE',  ( 0.000000000000000000, 3.713129095014775971E-15, -30.32000000000002160 ) ) ;
#548 = ADVANCED_FACE ( 'NONE', ( #1276 ), #818, .F. ) ;
#549 = CARTESIAN_POINT ( 'NONE',  ( 149.4716767334525116, 29.73176507525694134, -17.96999999999999531 ) ) ;
#550 = CONICAL_SURFACE ( 'NONE', #869, 88.90000000000001990, 1.298032741768478049 ) ;
#551 = LINE ( 'NONE', #403, #1836 ) ;
#552 = CIRCLE ( 'NONE', #1833, 152.4000000000000057 ) ;
#553 = ORIENTED_EDGE ( 'NONE', *, *, #287, .F. ) ;
#554 = DIRECTION ( 'NONE',  ( 0.000000000000000000, 1.000000000000000000, 1.252096997096120642E-16 ) ) ;
#555 = AXIS2_PLACEMENT_3D ( 'NONE', #1331, #1209, #289 ) ;
#556 = DIRECTION ( 'NONE',  ( 0.000000000000000000, 1.000000000000000000, 1.207864489241145538E-16 ) ) ;
#557 = ORIENTED_EDGE ( 'NONE', *, *, #777, .T. ) ;
#558 = CIRCLE ( 'NONE', #1309, 1.800000000000000044 ) ;
#559 = VECTOR ( 'NONE', #134, 1000.000000000000000 ) ;
#560 = EDGE_LOOP ( 'NONE', ( #1198, #1768, #601, #744 ) ) ;
#561 = DIRECTION ( 'NONE',  ( 0.000000000000000000, 0.000000000000000000, -1.000000000000000000 ) ) ;
#562 = DIRECTION ( 'NONE',  ( -0.000000000000000000, 1.224646799147352714E-16, -1.000000000000000000 ) ) ;
#563 = CARTESIAN_POINT ( 'NONE',  ( -8.984502037615380132, 45.15657674158092050, -8.984999999999986997 ) ) ;
#564 = EDGE_CURVE ( 'NONE', #1691, #250, #1285, .T. ) ;
#565 = ORIENTED_EDGE ( 'NONE', *, *, #1700, .F. ) ;
#566 = LINE ( 'NONE', #1752, #363 ) ;
#567 = DIRECTION ( 'NONE',  ( 0.9807757189120169805, 0.1951383847238064018, 2.389755982427951941E-17 ) ) ;
#568 = EDGE_LOOP ( 'NONE', ( #404, #758 ) ) ;
#569 = ORIENTED_EDGE ( 'NONE', *, *, #586, .F. ) ;
#570 = CARTESIAN_POINT ( 'NONE',  ( 0.000000000000000000, 7.776507174585689205E-16, -6.350000000000001421 ) ) ;
#571 = CARTESIAN_POINT ( 'NONE',  ( 37.77505966275818139, 20.46273425467242291, -8.984999999999999432 ) ) ;
#572 = CARTESIAN_POINT ( 'NONE',  ( 0.000000000000000000, 3.713129095014774394E-15, -30.32000000000000739 ) ) ;
#573 = ORIENTED_EDGE ( 'NONE', *, *, #1786, .F. ) ;
#574 = CARTESIAN_POINT ( 'NONE',  ( 40.25270675236292561, 8.006761193551378497, -8.985000000000001208 ) ) ;
#575 = DIRECTION ( 'NONE',  ( -0.9238795325112865164, 0.3826834323650905034, 0.000000000000000000 ) ) ;
#576 = EDGE_CURVE ( 'NONE', #168, #696, #551, .T. ) ;
#577 = ORIENTED_EDGE ( 'NONE', *, *, #248, .F. ) ;
#578 = EDGE_LOOP ( 'NONE', ( #1933, #346, #1042, #893 ) ) ;
#579 = DIRECTION ( 'NONE',  ( 4.594134073787452576E-19, -1.247737157076550220E-16, 1.000000000000000000 ) ) ;
#580 = DIRECTION ( 'NONE',  ( -0.9238795325112865164, -0.3826834323650905034, -4.686520405326305364E-17 ) ) ;
#581 = CARTESIAN_POINT ( 'NONE',  ( 105.0353153925327803, 110.4234690651909006, -6.349999999999991651 ) ) ;
#582 = DIRECTION ( 'NONE',  ( 0.000000000000000000, 0.000000000000000000, -1.000000000000000000 ) ) ;
#583 = FACE_BOUND ( 'NONE', #1408, .T. ) ;
#584 = ORIENTED_EDGE ( 'NONE', *, *, #919, .T. ) ;
#585 = CIRCLE ( 'NONE', #741, 111.5999999999999943 ) ;
#586 = EDGE_CURVE ( 'NONE', #1135, #413, #331, .T. ) ;
#587 = CIRCLE ( 'NONE', #518, 88.90000000000001990 ) ;
#588 = EDGE_LOOP ( 'NONE', ( #1739, #1037, #1839, #1017 ) ) ;
#589 = DIRECTION ( 'NONE',  ( 0.9807852804032318739, 0.1950903220161216145, 0.000000000000000000 ) ) ;
#590 = AXIS2_PLACEMENT_3D ( 'NONE', #1194, #430, #1030 ) ;
#591 = AXIS2_PLACEMENT_3D ( 'NONE', #638, #612, #1093 ) ;
#592 = CARTESIAN_POINT ( 'NONE',  ( 0.000000000000000000, 152.4000000000000057, -6.349999999999985434 ) ) ;
#593 = LINE ( 'NONE', #1506, #806 ) ;
#594 = ORIENTED_EDGE ( 'NONE', *, *, #910, .F. ) ;
#595 = ORIENTED_EDGE ( 'NONE', *, *, #533, .F. ) ;
#596 = EDGE_CURVE ( 'NONE', #1742, #7, #587, .T. ) ;
#597 = AXIS2_PLACEMENT_3D ( 'NONE', #1019, #880, #761 ) ;
#598 = CARTESIAN_POINT ( 'NONE',  ( 0.000000000000000000, 88.90000000000000568, -17.96999999999999886 ) ) ;
#599 = EDGE_CURVE ( 'NONE', #1341, #1007, #1310, .T. ) ;
#600 = DIRECTION ( 'NONE',  ( 1.000000000000000000, -1.762482576557589070E-16, 0.000000000000000000 ) ) ;
#601 = ORIENTED_EDGE ( 'NONE', *, *, #1500, .F. ) ;
#602 = ORIENTED_EDGE ( 'NONE', *, *, #499, .F. ) ;
#603 = LINE ( 'NONE', #888, #1654 ) ;
#604 = CARTESIAN_POINT ( 'NONE',  ( 73.95576755443974548, 78.73999999999999488, -29.32000000000001450 ) ) ;
#605 = DIRECTION ( 'NONE',  ( 0.9238795325112870716, 0.3826834323650891712, 4.686520405326288724E-17 ) ) ;
#606 = EDGE_CURVE ( 'NONE', #70, #1061, #1456, .T. ) ;
#607 = CARTESIAN_POINT ( 'NONE',  ( -28.62672316943458739, 84.94686998695455316, -8.984999999999981668 ) ) ;
#608 = ORIENTED_EDGE ( 'NONE', *, *, #1666, .T. ) ;
#609 = CIRCLE ( 'NONE', #924, 152.4000000000000057 ) ;
#610 = ORIENTED_EDGE ( 'NONE', *, *, #1350, .T. ) ;
#611 = VECTOR ( 'NONE', #371, 1000.000000000000000 ) ;
#612 = DIRECTION ( 'NONE',  ( 0.7071067811865466846, -0.7071067811865484609, 0.000000000000000000 ) ) ;
#613 = AXIS2_PLACEMENT_3D ( 'NONE', #45, #500, #27 ) ;
#614 = AXIS2_PLACEMENT_3D ( 'NONE', #89, #999, #865 ) ;
#615 = VECTOR ( 'NONE', #3, 1000.000000000000000 ) ;
#616 = EDGE_CURVE ( 'NONE', #452, #1165, #706, .T. ) ;
#617 = CARTESIAN_POINT ( 'NONE',  ( 0.000000000000000000, -2.311115933264683024E-30, 1.734723475976807094E-14 ) ) ;
#618 = DIRECTION ( 'NONE',  ( 1.145430054132168889E-16, -1.000000000000000000, 0.000000000000000000 ) ) ;
#619 = EDGE_LOOP ( 'NONE', ( #1260, #1491 ) ) ;
#620 = FACE_OUTER_BOUND ( 'NONE', #657, .T. ) ;
#621 = ORIENTED_EDGE ( 'NONE', *, *, #662, .F. ) ;
#622 = CARTESIAN_POINT ( 'NONE',  ( 3.519981018864844824, -1.458023877309696070, -448.8875689154510269 ) ) ;
#623 = CARTESIAN_POINT ( 'NONE',  ( -1.458023877320506756, 3.519981018890965707, -448.8875689154510269 ) ) ;
#624 = CARTESIAN_POINT ( 'NONE',  ( 54.17025897120178257, 140.7345836779039132, -6.349999999999984546 ) ) ;
#625 = DIRECTION ( 'NONE',  ( -0.000000000000000000, 1.224646799147352714E-16, -1.000000000000000000 ) ) ;
#626 = EDGE_LOOP ( 'NONE', ( #1311, #553 ) ) ;
#627 = ADVANCED_FACE ( 'NONE', ( #1724 ), #1830, .T. ) ;
#628 = DIRECTION ( 'NONE',  ( 0.1950903220161217533, -0.9807852804032317628, -1.665334536937734811E-16 ) ) ;
#629 = ORIENTED_EDGE ( 'NONE', *, *, #189, .T. ) ;
#630 = CARTESIAN_POINT ( 'NONE',  ( -28.62672316943458739, 84.94686998695455316, -8.984999999999981668 ) ) ;
#631 = DIRECTION ( 'NONE',  ( 0.1951383847238063740, -0.9807757189120169805, 0.000000000000000000 ) ) ;
#632 = PRODUCT_CONTEXT ( 'NONE', #283, 'mechanical' ) ;
#633 = CARTESIAN_POINT ( 'NONE',  ( 61.82270796424545978, 139.2972102375622683, -6.349999999999987210 ) ) ;
#634 = FACE_OUTER_BOUND ( 'NONE', #1665, .T. ) ;
#635 = ORIENTED_EDGE ( 'NONE', *, *, #1622, .T. ) ;
#636 = DIRECTION ( 'NONE',  ( 0.000000000000000000, 1.000000000000000000, 1.252096997096120642E-16 ) ) ;
#637 = ORIENTED_EDGE ( 'NONE', *, *, #801, .F. ) ;
#638 = CARTESIAN_POINT ( 'NONE',  ( 2.694076836312298884, -2.694076836312305989, -448.8875689154510269 ) ) ;
#639 = EDGE_CURVE ( 'NONE', #1345, #1376, #1495, .T. ) ;
#640 = AXIS2_PLACEMENT_3D ( 'NONE', #1320, #273, #1329 ) ;
#641 = CARTESIAN_POINT ( 'NONE',  ( -29.60749888834660482, 84.75173160223074831, -8.984999999999981668 ) ) ;
#642 = AXIS2_PLACEMENT_3D ( 'NONE', #1267, #1134, #974 ) ;
#643 = AXIS2_PLACEMENT_3D ( 'NONE', #815, #504, #1843 ) ;
#644 = DIRECTION ( 'NONE',  ( 0.9807757189120169805, 0.1951383847238064018, 2.389755982427951941E-17 ) ) ;
#645 = DIRECTION ( 'NONE',  ( -1.000000000000000000, -1.145430054132168889E-16, 0.000000000000000000 ) ) ;
#646 = VERTEX_POINT ( 'NONE', #652 ) ;
#647 = CIRCLE ( 'NONE', #996, 152.4000000000000057 ) ;
#648 = CARTESIAN_POINT ( 'NONE',  ( 103.9035870686550709, 109.2917407413131912, -6.349999999999988098 ) ) ;
#649 = VERTEX_POINT ( 'NONE', #1064 ) ;
#650 = DIRECTION ( 'NONE',  ( 0.9238795325112856283, -0.3826834323650925573, 0.000000000000000000 ) ) ;
#651 = ORIENTED_EDGE ( 'NONE', *, *, #1510, .F. ) ;
#652 = CARTESIAN_POINT ( 'NONE',  ( 45.25471168241941200, 9.001721835833599528, -8.985000000000001208 ) ) ;
#653 = EDGE_CURVE ( 'NONE', #696, #752, #203, .T. ) ;
#654 = ADVANCED_FACE ( 'NONE', ( #1851 ), #194, .F. ) ;
#655 = CARTESIAN_POINT ( 'NONE',  ( -3.810000000000018261, 150.7518620117178045, -6.349999999999983658 ) ) ;
#656 = CARTESIAN_POINT ( 'NONE',  ( 3.809999999999981846, 150.7518620117178045, -6.349999999999983658 ) ) ;
#657 = EDGE_LOOP ( 'NONE', ( #297, #584, #534, #299 ) ) ;
#658 = CARTESIAN_POINT ( 'NONE',  ( 0.000000000000000000, 88.90000000000001990, -23.96999999999999886 ) ) ;
#659 = ORIENTED_EDGE ( 'NONE', *, *, #776, .F. ) ;
#660 = CARTESIAN_POINT ( 'NONE',  ( 37.77505966275818139, 20.46273425467242291, -8.984999999999999432 ) ) ;
#661 = CARTESIAN_POINT ( 'NONE',  ( 0.7846282243225853881, 0.1560722576129009442, 6.679999999999964189 ) ) ;
#662 = EDGE_CURVE ( 'NONE', #1241, #225, #1084, .T. ) ;
#663 = CARTESIAN_POINT ( 'NONE',  ( 120.8561019211016401, 36.98858105464833557, -8.984999999999988773 ) ) ;
#664 = ORIENTED_EDGE ( 'NONE', *, *, #900, .F. ) ;
#665 = DIRECTION ( 'NONE',  ( 0.000000000000000000, 1.000000000000000000, 1.243529373460076734E-16 ) ) ;
#666 = VERTEX_POINT ( 'NONE', #469 ) ;
#667 = CARTESIAN_POINT ( 'NONE',  ( 0.000000000000000000, 1.710831578408851526E-15, -13.97000000000000064 ) ) ;
#668 = AXIS2_PLACEMENT_3D ( 'NONE', #763, #302, #755 ) ;
#669 = DIRECTION ( 'NONE',  ( 0.000000000000000000, 0.000000000000000000, 1.000000000000000000 ) ) ;
#670 = CIRCLE ( 'NONE', #1708, 5.099999999999991651 ) ;
#671 = AXIS2_PLACEMENT_3D ( 'NONE', #144, #17, #1532 ) ;
#672 = CARTESIAN_POINT ( 'NONE',  ( 142.2132579921741069, 54.78274592653545483, -6.349999999999997868 ) ) ;
#673 = ADVANCED_FACE ( 'NONE', ( #339 ), #805, .F. ) ;
#674 = EDGE_LOOP ( 'NONE', ( #1799, #1707, #501, #270 ) ) ;
#675 = CIRCLE ( 'NONE', #177, 150.8000000000000114 ) ;
#676 = DIRECTION ( 'NONE',  ( 1.000000000000000000, 0.000000000000000000, 0.000000000000000000 ) ) ;
#677 = ADVANCED_FACE ( 'NONE', ( #42 ), #939, .T. ) ;
#678 = AXIS2_PLACEMENT_3D ( 'NONE', #516, #66, #1373 ) ;
#679 = ORIENTED_EDGE ( 'NONE', *, *, #989, .T. ) ;
#680 = ORIENTED_EDGE ( 'NONE', *, *, #1401, .T. ) ;
#681 = FACE_OUTER_BOUND ( 'NONE', #843, .T. ) ;
#682 = B_SPLINE_CURVE_WITH_KNOTS ( 'NONE', 3,
 ( #1504, #1352, #1516, #604 ),
 .UNSPECIFIED., .F., .F.,
 ( 4, 4 ),
 ( 7.071442360259566148E-07, 0.004832863222154943489 ),
 .UNSPECIFIED. ) ;
#683 = DIRECTION ( 'NONE',  ( 0.000000000000000000, -1.224646799147352714E-16, 1.000000000000000000 ) ) ;
#684 = DIRECTION ( 'NONE',  ( -0.000000000000000000, 1.224646799147352714E-16, -1.000000000000000000 ) ) ;
#685 = ORIENTED_EDGE ( 'NONE', *, *, #1060, .T. ) ;
#686 = DIRECTION ( 'NONE',  ( -0.000000000000000000, 1.224646799147352714E-16, -1.000000000000000000 ) ) ;
#687 = CARTESIAN_POINT ( 'NONE',  ( 137.8185359232707299, 61.21022100896341556, -13.96999999999999353 ) ) ;
#688 = ORIENTED_EDGE ( 'NONE', *, *, #944, .F. ) ;
#689 = EDGE_CURVE ( 'NONE', #75, #281, #332, .T. ) ;
#690 = EDGE_CURVE ( 'NONE', #1641, #696, #1390, .T. ) ;
#691 = VERTEX_POINT ( 'NONE', #1411 ) ;
#692 = DIRECTION ( 'NONE',  ( 0.000000000000000000, 0.000000000000000000, 1.000000000000000000 ) ) ;
#693 = LINE ( 'NONE', #728, #1047 ) ;
#694 = CARTESIAN_POINT ( 'NONE',  ( -34.04181334552020388, 112.1633961867630092, -8.984999999999995879 ) ) ;
#695 = DIRECTION ( 'NONE',  ( 0.000000000000000000, -1.224646799147352714E-16, 1.000000000000000000 ) ) ;
#696 = VERTEX_POINT ( 'NONE', #1253 ) ;
#697 = CARTESIAN_POINT ( 'NONE',  ( 0.000000000000000000, -152.4000000000000057, -6.350000000000020961 ) ) ;
#698 = DIRECTION ( 'NONE',  ( 0.9807852804032316518, 0.1950903220161216978, 0.000000000000000000 ) ) ;
#699 = ORIENTED_EDGE ( 'NONE', *, *, #198, .F. ) ;
#700 = VERTEX_POINT ( 'NONE', #921 ) ;
#701 = ADVANCED_FACE ( 'NONE', ( #1558 ), #498, .F. ) ;
#702 = CARTESIAN_POINT ( 'NONE',  ( 0.000000000000000000, 3.713129095014775971E-15, -30.32000000000002160 ) ) ;
#703 = CARTESIAN_POINT ( 'NONE',  ( -17.34780240194646339, 87.19096141127830890, -23.96999999999999886 ) ) ;
#704 = CARTESIAN_POINT ( 'NONE',  ( 3.809999999999981846, 152.3523675562674100, -448.8875689154510269 ) ) ;
#705 = CIRCLE ( 'NONE', #1863, 1.000000000000000888 ) ;
#706 = LINE ( 'NONE', #93, #2 ) ;
#707 = VECTOR ( 'NONE', #1409, 1000.000000000000000 ) ;
#708 = ORIENTED_EDGE ( 'NONE', *, *, #796, .F. ) ;
#709 = CARTESIAN_POINT ( 'NONE',  ( -22.56775419330820398, 113.4267118921747652, -8.984999999999995879 ) ) ;
#710 = AXIS2_PLACEMENT_3D ( 'NONE', #892, #1482, #600 ) ;
#711 = CARTESIAN_POINT ( 'NONE',  ( 78.74000000000000909, 15.66235980747372736, -29.32000000000001450 ) ) ;
#712 = ORIENTED_EDGE ( 'NONE', *, *, #1039, .T. ) ;
#713 = AXIS2_PLACEMENT_3D ( 'NONE', #771, #476, #1372 ) ;
#714 = AXIS2_PLACEMENT_3D ( 'NONE', #185, #1099, #489 ) ;
#715 = ORIENTED_EDGE ( 'NONE', *, *, #1854, .T. ) ;
#716 = CARTESIAN_POINT ( 'NONE',  ( -20.06828442037976501, 41.93170959834512956, -8.984999999999986997 ) ) ;
#717 = CIRCLE ( 'NONE', #366, 1.000000000000000888 ) ;
#718 = PLANE ( 'NONE',  #640 ) ;
#719 = DIRECTION ( 'NONE',  ( 0.000000000000000000, -1.000000000000000000, 0.000000000000000000 ) ) ;
#720 = ADVANCED_FACE ( 'NONE', ( #355 ), #65, .F. ) ;
#721 = ADVANCED_FACE ( 'NONE', ( #71 ), #1547, .F. ) ;
#722 = ORIENTED_EDGE ( 'NONE', *, *, #639, .T. ) ;
#723 =( GEOMETRIC_REPRESENTATION_CONTEXT ( 3 ) GLOBAL_UNCERTAINTY_ASSIGNED_CONTEXT ( ( #756 ) ) GLOBAL_UNIT_ASSIGNED_CONTEXT ( ( #1412, #1538, #1391 ) ) REPRESENTATION_CONTEXT ( 'NONE', 'WORKASPACE' ) );
#724 = DIRECTION ( 'NONE',  ( 0.1951383847238072067, -0.9807757189120168695, 0.000000000000000000 ) ) ;
#725 = ORIENTED_EDGE ( 'NONE', *, *, #1666, .F. ) ;
#726 = ORIENTED_EDGE ( 'NONE', *, *, #1577, .T. ) ;
#727 = PLANE ( 'NONE',  #746 ) ;
#728 = CARTESIAN_POINT ( 'NONE',  ( 0.000000000000000000, 152.4000000000000057, -30.32000000000000384 ) ) ;
#729 = DIRECTION ( 'NONE',  ( -0.000000000000000000, 1.224646799147352714E-16, -1.000000000000000000 ) ) ;
#730 = ADVANCED_FACE ( 'NONE', ( #172 ), #34, .F. ) ;
#731 = CARTESIAN_POINT ( 'NONE',  ( 0.000000000000000000, 152.4000000000000057, -30.32000000000000384 ) ) ;
#732 = CARTESIAN_POINT ( 'NONE',  ( 0.000000000000000000, 2.200690298067793894E-15, -17.97000000000000952 ) ) ;
#733 = VERTEX_POINT ( 'NONE', #327 ) ;
#734 = ORIENTED_EDGE ( 'NONE', *, *, #485, .F. ) ;
#735 = CARTESIAN_POINT ( 'NONE',  ( 37.77505966275818139, 20.46273425467242291, -8.984999999999999432 ) ) ;
#736 = DIRECTION ( 'NONE',  ( -1.000000000000000000, 1.762482576557589070E-16, 0.000000000000000000 ) ) ;
#737 = ADVANCED_FACE ( 'NONE', ( #930 ), #1380, .T. ) ;
#738 = VECTOR ( 'NONE', #1651, 1000.000000000000114 ) ;
#739 = DIRECTION ( 'NONE',  ( 0.1951383847238059854, -0.9807757189120170915, 0.000000000000000000 ) ) ;
#740 = ORIENTED_EDGE ( 'NONE', *, *, #1531, .T. ) ;
#741 = AXIS2_PLACEMENT_3D ( 'NONE', #267, #1425, #665 ) ;
#742 = EDGE_CURVE ( 'NONE', #382, #666, #1567, .T. ) ;
#743 = AXIS2_PLACEMENT_3D ( 'NONE', #1393, #786, #952 ) ;
#744 = ORIENTED_EDGE ( 'NONE', *, *, #1266, .F. ) ;
#745 = DIRECTION ( 'NONE',  ( 0.9238795325112865164, 0.3826834323650905034, 4.686520405326305364E-17 ) ) ;
#746 = AXIS2_PLACEMENT_3D ( 'NONE', #753, #1503, #285 ) ;
#747 = APPLICATION_CONTEXT ( 'automotive_design' ) ;
#748 = VECTOR ( 'NONE', #582, 1000.000000000000000 ) ;
#749 = DIRECTION ( 'NONE',  ( 0.7071067811865457964, 0.7071067811865492381, 8.659560562354951347E-17 ) ) ;
#750 = CARTESIAN_POINT ( 'NONE',  ( 110.8520920609887099, 34.99865977008390416, -8.984999999999988773 ) ) ;
#751 = ORIENTED_EDGE ( 'NONE', *, *, #1039, .F. ) ;
#752 = VERTEX_POINT ( 'NONE', #252 ) ;
#753 = CARTESIAN_POINT ( 'NONE',  ( 0.000000000000000000, -152.4000000000000057, -17.97000000000002373 ) ) ;
#754 = EDGE_CURVE ( 'NONE', #1729, #649, #1405, .T. ) ;
#755 = DIRECTION ( 'NONE',  ( 0.000000000000000000, 1.000000000000000000, 1.150347132610614786E-16 ) ) ;
#756 = UNCERTAINTY_MEASURE_WITH_UNIT (LENGTH_MEASURE( 1.000000000000000082E-05 ), #1412, 'distance_accuracy_value', 'NONE');
#757 = CARTESIAN_POINT ( 'NONE',  ( -35.02258906443222486, 111.9682578020392043, -8.984999999999995879 ) ) ;
#758 = ORIENTED_EDGE ( 'NONE', *, *, #978, .F. ) ;
#759 = ORIENTED_EDGE ( 'NONE', *, *, #1265, .T. ) ;
#760 = CARTESIAN_POINT ( 'NONE',  ( -28.62672316943458739, 84.94686998695455316, -8.984999999999981668 ) ) ;
#761 = DIRECTION ( 'NONE',  ( 1.000000000000000000, 0.000000000000000000, -0.000000000000000000 ) ) ;
#762 = EDGE_CURVE ( 'NONE', #86, #766, #675, .T. ) ;
#763 = CARTESIAN_POINT ( 'NONE',  ( 0.000000000000000000, 3.713129095014775971E-15, -30.32000000000002160 ) ) ;
#764 = LINE ( 'NONE', #1226, #1406 ) ;
#765 = CARTESIAN_POINT ( 'NONE',  ( -3.810000000000018261, 150.7518620117178045, -13.96999999999998110 ) ) ;
#766 = VERTEX_POINT ( 'NONE', #845 ) ;
#767 = EDGE_LOOP ( 'NONE', ( #1764, #1508, #1614, #1052 ) ) ;
#768 = AXIS2_PLACEMENT_3D ( 'NONE', #345, #946, #1543 ) ;
#769 = LINE ( 'NONE', #1379, #1247 ) ;
#770 = AXIS2_PLACEMENT_3D ( 'NONE', #1058, #296, #885 ) ;
#771 = CARTESIAN_POINT ( 'NONE',  ( 0.000000000000000000, -152.4000000000000057, -6.350000000000020961 ) ) ;
#772 = VECTOR ( 'NONE', #1018, 1000.000000000000000 ) ;
#773 = AXIS2_PLACEMENT_3D ( 'NONE', #760, #938, #164 ) ;
#774 = DIRECTION ( 'NONE',  ( -0.9807757189120169805, -0.1951383847238063740, -2.389755982427951941E-17 ) ) ;
#775 = DIRECTION ( 'NONE',  ( -0.000000000000000000, 1.224646799147352714E-16, -1.000000000000000000 ) ) ;
#776 = EDGE_CURVE ( 'NONE', #382, #323, #124, .T. ) ;
#777 = EDGE_CURVE ( 'NONE', #691, #503, #1271, .T. ) ;
#778 = VECTOR ( 'NONE', #102, 1000.000000000000000 ) ;
#779 = DIRECTION ( 'NONE',  ( 0.000000000000000000, 1.000000000000000000, 1.224646799147352714E-16 ) ) ;
#780 = ORIENTED_EDGE ( 'NONE', *, *, #1029, .F. ) ;
#781 = FACE_OUTER_BOUND ( 'NONE', #1683, .T. ) ;
#782 = ORIENTED_EDGE ( 'NONE', *, *, #190, .T. ) ;
#783 = CARTESIAN_POINT ( 'NONE',  ( -29.73908983190821331, 149.4702195621913745, 3.565205735523704741E-14 ) ) ;
#784 = VECTOR ( 'NONE', #505, 1000.000000000000000 ) ;
#785 = DIRECTION ( 'NONE',  ( -0.9807852804032316518, -0.1950903220161216978, 0.000000000000000000 ) ) ;
#786 = DIRECTION ( 'NONE',  ( -0.000000000000000000, 1.224646799147352714E-16, -1.000000000000000000 ) ) ;
#787 = ADVANCED_FACE ( 'NONE', ( #1722 ), #526, .T. ) ;
#788 = ORIENTED_EDGE ( 'NONE', *, *, #1786, .T. ) ;
#789 = VERTEX_POINT ( 'NONE', #976 ) ;
#790 = ORIENTED_EDGE ( 'NONE', *, *, #1721, .F. ) ;
#791 = CARTESIAN_POINT ( 'NONE',  ( 78.74000000000000909, 78.73999999999999488, -30.32000000000000384 ) ) ;
#792 = DIRECTION ( 'NONE',  ( 0.1950903220161217533, -0.9807852804032317628, -1.201115554296656984E-16 ) ) ;
#793 = CARTESIAN_POINT ( 'NONE',  ( 3.809999999999981846, 152.3523675562674100, -6.349999999999985434 ) ) ;
#794 = DIRECTION ( 'NONE',  ( 0.9807852804032318739, 0.1950903220161216145, 0.000000000000000000 ) ) ;
#795 = ORIENTED_EDGE ( 'NONE', *, *, #1234, .F. ) ;
#796 = EDGE_CURVE ( 'NONE', #1771, #409, #374, .T. ) ;
#797 = ORIENTED_EDGE ( 'NONE', *, *, #1087, .T. ) ;
#798 = ORIENTED_EDGE ( 'NONE', *, *, #1233, .T. ) ;
#799 = DIRECTION ( 'NONE',  ( 0.1951383847238069569, -0.9807757189120168695, 0.000000000000000000 ) ) ;
#800 = AXIS2_PLACEMENT_3D ( 'NONE', #547, #1574, #538 ) ;
#801 = EDGE_CURVE ( 'NONE', #649, #646, #1611, .T. ) ;
#802 = ADVANCED_FACE ( 'NONE', ( #1730 ), #1859, .T. ) ;
#803 = AXIS2_PLACEMENT_3D ( 'NONE', #967, #494, #1848 ) ;
#804 = ORIENTED_EDGE ( 'NONE', *, *, #837, .T. ) ;
#805 = CYLINDRICAL_SURFACE ( 'NONE', #1245, 5.099999999999984546 ) ;
#806 = VECTOR ( 'NONE', #1497, 1000.000000000000000 ) ;
#807 = CIRCLE ( 'NONE', #773, 5.000000000000010658 ) ;
#808 = VECTOR ( 'NONE', #1204, 1000.000000000000114 ) ;
#809 = CARTESIAN_POINT ( 'NONE',  ( 139.2972102375509564, 61.82270796427100379, -13.96999999999998288 ) ) ;
#810 = ORIENTED_EDGE ( 'NONE', *, *, #1636, .F. ) ;
#811 = CIRCLE ( 'NONE', #1687, 1.000000000000000888 ) ;
#812 = DIRECTION ( 'NONE',  ( 0.000000000000000000, 1.000000000000000000, 1.252096997096120642E-16 ) ) ;
#813 = ORIENTED_EDGE ( 'NONE', *, *, #1748, .T. ) ;
#814 = EDGE_CURVE ( 'NONE', #826, #1759, #876, .T. ) ;
#815 = CARTESIAN_POINT ( 'NONE',  ( -35.80314260332745135, 115.8913606776872740, -8.984999999999995879 ) ) ;
#816 = DIRECTION ( 'NONE',  ( 0.000000000000000000, 1.000000000000000000, 1.150347132610614786E-16 ) ) ;
#817 = DIRECTION ( 'NONE',  ( -0.9807757189120169805, -0.1951383847238063740, -2.389755982427951941E-17 ) ) ;
#818 = PLANE ( 'NONE',  #23 ) ;
#819 = ORIENTED_EDGE ( 'NONE', *, *, #1361, .T. ) ;
#820 = DIRECTION ( 'NONE',  ( -0.9807757189120169805, -0.1951383847238063740, -2.389755982427951941E-17 ) ) ;
#821 = ORIENTED_EDGE ( 'NONE', *, *, #1016, .T. ) ;
#822 = DIRECTION ( 'NONE',  ( 0.1950903220161217255, -0.9807852804032316518, -1.201115554296656984E-16 ) ) ;
#823 = EDGE_CURVE ( 'NONE', #1457, #935, #1903, .T. ) ;
#824 = DIRECTION ( 'NONE',  ( 2.343814641690067863E-17, 4.663331222950435863E-18, -1.000000000000000000 ) ) ;
#825 = FACE_OUTER_BOUND ( 'NONE', #1880, .T. ) ;
#826 = VERTEX_POINT ( 'NONE', #513 ) ;
#827 = DIRECTION ( 'NONE',  ( -0.3826834323650905034, -0.9238795325112865164, -1.131426112287699521E-16 ) ) ;
#828 = ORIENTED_EDGE ( 'NONE', *, *, #1350, .F. ) ;
#829 = DIRECTION ( 'NONE',  ( 0.000000000000000000, 0.000000000000000000, 1.000000000000000000 ) ) ;
#830 = CARTESIAN_POINT ( 'NONE',  ( -29.73908983190822042, 149.4702195621914029, -30.32000000000000384 ) ) ;
#831 = AXIS2_PLACEMENT_3D ( 'NONE', #1505, #1217, #896 ) ;
#832 = CARTESIAN_POINT ( 'NONE',  ( -35.60292042331066398, 120.0096019380591628, -8.984999999999995879 ) ) ;
#833 = AXIS2_PLACEMENT_3D ( 'NONE', #1608, #1449, #874 ) ;
#834 = VECTOR ( 'NONE', #1861, 1000.000000000000114 ) ;
#835 = CARTESIAN_POINT ( 'NONE',  ( -2.477647089604744668, 12.45597306112103375, 1.525416753956752789E-15 ) ) ;
#836 = ORIENTED_EDGE ( 'NONE', *, *, #1255, .T. ) ;
#837 = EDGE_CURVE ( 'NONE', #323, #541, #1419, .T. ) ;
#838 = EDGE_CURVE ( 'NONE', #997, #281, #1838, .T. ) ;
#839 = CYLINDRICAL_SURFACE ( 'NONE', #877, 152.4000000000000057 ) ;
#840 = AXIS2_PLACEMENT_3D ( 'NONE', #1094, #1244, #348 ) ;
#841 = DIRECTION ( 'NONE',  ( -0.000000000000000000, 1.224646799147352714E-16, -1.000000000000000000 ) ) ;
#842 = CIRCLE ( 'NONE', #1054, 5.099999999999991651 ) ;
#843 = EDGE_LOOP ( 'NONE', ( #1289, #565, #1702 ) ) ;
#844 = ORIENTED_EDGE ( 'NONE', *, *, #910, .T. ) ;
#845 = CARTESIAN_POINT ( 'NONE',  ( 140.7345836778939088, 54.17025897122785238, -13.96999999999999353 ) ) ;
#846 = CARTESIAN_POINT ( 'NONE',  ( -18.31203895786550362, 33.10472812813698340, -8.984999999999986997 ) ) ;
#847 = DIRECTION ( 'NONE',  ( -1.000000000000000000, 0.000000000000000000, 0.000000000000000000 ) ) ;
#848 = PLANE ( 'NONE',  #1366 ) ;
#849 = ORIENTED_EDGE ( 'NONE', *, *, #111, .F. ) ;
#850 = FACE_OUTER_BOUND ( 'NONE', #344, .T. ) ;
#851 = EDGE_CURVE ( 'NONE', #1469, #413, #986, .T. ) ;
#852 = CARTESIAN_POINT ( 'NONE',  ( 137.8185359232707583, 61.21022100896339424, -30.32000000000001450 ) ) ;
#853 = EDGE_LOOP ( 'NONE', ( #1627, #1264, #602, #973, #1513 ) ) ;
#854 = ORIENTED_EDGE ( 'NONE', *, *, #1487, .T. ) ;
#855 = CARTESIAN_POINT ( 'NONE',  ( -15.66637113548990889, 78.74000000000000909, -29.32000000000001450 ) ) ;
#856 = DIRECTION ( 'NONE',  ( 0.000000000000000000, 0.000000000000000000, -1.000000000000000000 ) ) ;
#857 = DIRECTION ( 'NONE',  ( 4.594134073787452576E-19, -1.247737157076550220E-16, 1.000000000000000000 ) ) ;
#858 = DIRECTION ( 'NONE',  ( 0.000000000000000000, 1.000000000000000000, 1.224646799147352714E-16 ) ) ;
#859 = ORIENTED_EDGE ( 'NONE', *, *, #864, .F. ) ;
#860 = DIRECTION ( 'NONE',  ( 0.000000000000000000, 1.000000000000000000, 1.207864489241145538E-16 ) ) ;
#861 = DIRECTION ( 'NONE',  ( 0.000000000000000000, 0.000000000000000000, -1.000000000000000000 ) ) ;
#862 = ORIENTED_EDGE ( 'NONE', *, *, #1797, .T. ) ;
#863 = ORIENTED_EDGE ( 'NONE', *, *, #599, .F. ) ;
#864 = EDGE_CURVE ( 'NONE', #1069, #1450, #558, .T. ) ;
#865 = DIRECTION ( 'NONE',  ( 0.000000000000000000, 1.000000000000000000, 1.252096997096120642E-16 ) ) ;
#866 = ADVANCED_FACE ( 'NONE', ( #681 ), #1743, .F. ) ;
#867 = DIRECTION ( 'NONE',  ( 0.000000000000000000, 1.000000000000000000, 1.170791997284683990E-16 ) ) ;
#868 = CARTESIAN_POINT ( 'NONE',  ( -3.810000000000018261, 150.7518620117178045, -30.32000000000000384 ) ) ;
#869 = AXIS2_PLACEMENT_3D ( 'NONE', #10, #729, #1928 ) ;
#870 = CIRCLE ( 'NONE', #22, 150.8000000000000114 ) ;
#871 = EDGE_LOOP ( 'NONE', ( #145, #688, #1755, #797 ) ) ;
#872 = DIRECTION ( 'NONE',  ( 0.000000000000000000, -1.224646799147352714E-16, 1.000000000000000000 ) ) ;
#873 = AXIS2_PLACEMENT_3D ( 'NONE', #1834, #645, #618 ) ;
#874 = DIRECTION ( 'NONE',  ( 0.000000000000000000, 1.000000000000000000, 1.150347132610614786E-16 ) ) ;
#875 = ORIENTED_EDGE ( 'NONE', *, *, #125, .T. ) ;
#876 = CIRCLE ( 'NONE', #905, 3.999999999999997335 ) ;
#877 = AXIS2_PLACEMENT_3D ( 'NONE', #1298, #1481, #1133 ) ;
#878 = ORIENTED_EDGE ( 'NONE', *, *, #945, .F. ) ;
#879 = CARTESIAN_POINT ( 'NONE',  ( -33.84667496079639903, 111.1826204678509953, -8.984999999999995879 ) ) ;
#880 = DIRECTION ( 'NONE',  ( 0.000000000000000000, 0.000000000000000000, 1.000000000000000000 ) ) ;
#881 = EDGE_CURVE ( 'NONE', #1924, #1469, #1107, .T. ) ;
#882 = DIRECTION ( 'NONE',  ( 0.000000000000000000, 1.000000000000000000, 1.170791997284684236E-16 ) ) ;
#883 = VERTEX_POINT ( 'NONE', #1476 ) ;
#884 = DIRECTION ( 'NONE',  ( 0.9807852804032317628, 0.1950903220161218921, 0.000000000000000000 ) ) ;
#885 = DIRECTION ( 'NONE',  ( 0.9807852804032316518, 0.1950903220161217255, 0.000000000000000000 ) ) ;
#886 = ORIENTED_EDGE ( 'NONE', *, *, #82, .F. ) ;
#887 = ORIENTED_EDGE ( 'NONE', *, *, #1854, .F. ) ;
#888 = CARTESIAN_POINT ( 'NONE',  ( -54.77387517878628387, -18.56416767964341830, -13.97000000000000064 ) ) ;
#889 = CARTESIAN_POINT ( 'NONE',  ( 109.2917407412970050, 103.9035870686721381, -30.32000000000000739 ) ) ;
#890 = EDGE_CURVE ( 'NONE', #70, #268, #931, .T. ) ;
#891 = ADVANCED_FACE ( 'NONE', ( #1492 ), #1319, .T. ) ;
#892 = CARTESIAN_POINT ( 'NONE',  ( 78.74000000000000909, 78.73999999999999488, -29.32000000000001450 ) ) ;
#893 = ORIENTED_EDGE ( 'NONE', *, *, #52, .T. ) ;
#894 = ORIENTED_EDGE ( 'NONE', *, *, #51, .F. ) ;
#895 = DIRECTION ( 'NONE',  ( -0.9807757189120169805, -0.1951383847238063740, -2.389755982427951941E-17 ) ) ;
#896 = DIRECTION ( 'NONE',  ( 0.9807852804032317628, 0.1950903220161217255, 0.000000000000000000 ) ) ;
#897 = CARTESIAN_POINT ( 'NONE',  ( 61.82270796424545978, 139.2972102375622683, -448.8875689154510269 ) ) ;
#898 = VECTOR ( 'NONE', #605, 1000.000000000000000 ) ;
#899 = CARTESIAN_POINT ( 'NONE',  ( 1.765413504725817928, 0.3511625796290184787, 9.583984130784739137E-15 ) ) ;
#900 = EDGE_CURVE ( 'NONE', #700, #826, #1684, .T. ) ;
#901 = ORIENTED_EDGE ( 'NONE', *, *, #1594, .F. ) ;
#902 = AXIS2_PLACEMENT_3D ( 'NONE', #1520, #206, #167 ) ;
#903 = VERTEX_POINT ( 'NONE', #1642 ) ;
#904 = CARTESIAN_POINT ( 'NONE',  ( -0.3512490925028538546, 1.765396294041633674, 9.757177809944906860E-15 ) ) ;
#905 = AXIS2_PLACEMENT_3D ( 'NONE', #100, #1293, #1138 ) ;
#906 = AXIS2_PLACEMENT_3D ( 'NONE', #1448, #279, #423 ) ;
#907 =( NAMED_UNIT ( * ) SI_UNIT ( $, .STERADIAN. ) SOLID_ANGLE_UNIT ( ) );
#908 = CYLINDRICAL_SURFACE ( 'NONE', #1555, 152.4000000000000057 ) ;
#909 = ORIENTED_EDGE ( 'NONE', *, *, #1556, .F. ) ;
#910 = EDGE_CURVE ( 'NONE', #323, #766, #1934, .T. ) ;
#911 = VERTEX_POINT ( 'NONE', #904 ) ;
#912 = DIRECTION ( 'NONE',  ( 0.000000000000000000, 0.000000000000000000, 1.000000000000000000 ) ) ;
#913 = DIRECTION ( 'NONE',  ( 0.000000000000000000, -1.224646799147352714E-16, 1.000000000000000000 ) ) ;
#914 = FACE_OUTER_BOUND ( 'NONE', #1693, .T. ) ;
#915 = DIRECTION ( 'NONE',  ( -0.000000000000000000, 1.224646799147352714E-16, -1.000000000000000000 ) ) ;
#916 = ORIENTED_EDGE ( 'NONE', *, *, #96, .T. ) ;
#917 = ORIENTED_EDGE ( 'NONE', *, *, #653, .F. ) ;
#918 = PLANE ( 'NONE',  #433 ) ;
#919 = EDGE_CURVE ( 'NONE', #997, #233, #419, .T. ) ;
#920 = EDGE_CURVE ( 'NONE', #911, #883, #1634, .T. ) ;
#921 = CARTESIAN_POINT ( 'NONE',  ( -20.26342280510356986, 42.91248531725714344, -8.984999999999986997 ) ) ;
#922 = FACE_OUTER_BOUND ( 'NONE', #532, .T. ) ;
#923 = ORIENTED_EDGE ( 'NONE', *, *, #83, .F. ) ;
#924 = AXIS2_PLACEMENT_3D ( 'NONE', #1444, #101, #112 ) ;
#925 = CARTESIAN_POINT ( 'NONE',  ( -29.60749888834660482, 84.75173160223074831, -8.984999999999981668 ) ) ;
#926 = VERTEX_POINT ( 'NONE', #1801 ) ;
#927 = VECTOR ( 'NONE', #39, 1000.000000000000000 ) ;
#928 = DIRECTION ( 'NONE',  ( -0.000000000000000000, 1.224646799147352714E-16, -1.000000000000000000 ) ) ;
#929 = AXIS2_PLACEMENT_3D ( 'NONE', #1074, #625, #67 ) ;
#930 = FACE_OUTER_BOUND ( 'NONE', #1533, .T. ) ;
#931 = CIRCLE ( 'NONE', #1367, 5.099999999999984546 ) ;
#932 = ADVANCED_FACE ( 'NONE', ( #1053 ), #727, .F. ) ;
#933 = AXIS2_PLACEMENT_3D ( 'NONE', #1407, #774, #368 ) ;
#934 = CARTESIAN_POINT ( 'NONE',  ( -35.79805880803447593, 120.9903776569711766, -8.984999999999995879 ) ) ;
#935 = VERTEX_POINT ( 'NONE', #159 ) ;
#936 = DIRECTION ( 'NONE',  ( 0.000000000000000000, 1.000000000000000000, 1.252096997096120642E-16 ) ) ;
#937 = VERTEX_POINT ( 'NONE', #292 ) ;
#938 = DIRECTION ( 'NONE',  ( 0.9807757189120169805, 0.1951383847238063740, 2.389755982427951941E-17 ) ) ;
#939 = PLANE ( 'NONE',  #397 ) ;
#940 = DIRECTION ( 'NONE',  ( 0.1951383847238072067, -0.9807757189120168695, 0.000000000000000000 ) ) ;
#941 = EDGE_CURVE ( 'NONE', #1077, #1104, #148, .T. ) ;
#942 = CARTESIAN_POINT ( 'NONE',  ( 140.7345836778938803, 54.17025897122783107, -6.349999999999994316 ) ) ;
#943 = VERTEX_POINT ( 'NONE', #1175 ) ;
#944 = EDGE_CURVE ( 'NONE', #1572, #1633, #1661, .T. ) ;
#945 = EDGE_CURVE ( 'NONE', #86, #382, #603, .T. ) ;
#946 = DIRECTION ( 'NONE',  ( 0.1950903220161217533, -0.9807852804032317628, -1.665334536937734811E-16 ) ) ;
#947 = ORIENTED_EDGE ( 'NONE', *, *, #1401, .F. ) ;
#948 = DIRECTION ( 'NONE',  ( -0.000000000000000000, 1.224646799147352714E-16, -1.000000000000000000 ) ) ;
#949 = VERTEX_POINT ( 'NONE', #1346 ) ;
#950 = DIRECTION ( 'NONE',  ( 0.1950903220161217533, -0.9807852804032317628, -1.201115554296656984E-16 ) ) ;
#951 = CARTESIAN_POINT ( 'NONE',  ( 54.78274592650937791, 142.2132579921841113, -6.349999999999987210 ) ) ;
#952 = DIRECTION ( 'NONE',  ( 0.000000000000000000, 1.000000000000000000, 1.265381845871676289E-16 ) ) ;
#953 = VERTEX_POINT ( 'NONE', #310 ) ;
#954 = EDGE_CURVE ( 'NONE', #398, #1025, #1509, .T. ) ;
#955 = ORIENTED_EDGE ( 'NONE', *, *, #1117, .T. ) ;
#956 = ORIENTED_EDGE ( 'NONE', *, *, #1096, .F. ) ;
#957 = STYLED_ITEM ( 'NONE', ( #1624 ), #1605 ) ;
#958 = AXIS2_PLACEMENT_3D ( 'NONE', #473, #1240, #812 ) ;
#959 = CARTESIAN_POINT ( 'NONE',  ( 0.000000000000000000, 7.776507174585696107E-16, -6.350000000000004974 ) ) ;
#960 = DIRECTION ( 'NONE',  ( 0.000000000000000000, 1.000000000000000000, 1.252096997096120642E-16 ) ) ;
#961 = AXIS2_PLACEMENT_3D ( 'NONE', #1347, #1172, #464 ) ;
#962 = AXIS2_PLACEMENT_3D ( 'NONE', #660, #1529, #319 ) ;
#963 = CIRCLE ( 'NONE', #1215, 4.000000000000012434 ) ;
#964 = CARTESIAN_POINT ( 'NONE',  ( 54.78274592650938501, 142.2132579921841113, -13.96999999999998288 ) ) ;
#965 = ORIENTED_EDGE ( 'NONE', *, *, #15, .T. ) ;
#966 = VECTOR ( 'NONE', #1823, 1000.000000000000114 ) ;
#967 = CARTESIAN_POINT ( 'NONE',  ( 0.000000000000000000, 3.713129095014775183E-15, 5.679999999999963300 ) ) ;
#968 = ORIENTED_EDGE ( 'NONE', *, *, #1487, .F. ) ;
#969 = EDGE_CURVE ( 'NONE', #1416, #192, #88, .T. ) ;
#970 = DIRECTION ( 'NONE',  ( -1.000000000000000000, 0.000000000000000000, 0.000000000000000000 ) ) ;
#971 = DIRECTION ( 'NONE',  ( 0.1950903220161217255, -0.9807852804032316518, -1.201115554296656984E-16 ) ) ;
#972 = CARTESIAN_POINT ( 'NONE',  ( 140.7345836778939088, 54.17025897122784528, -30.32000000000001450 ) ) ;
#973 = ORIENTED_EDGE ( 'NONE', *, *, #941, .T. ) ;
#974 = DIRECTION ( 'NONE',  ( 0.000000000000000000, 1.000000000000000000, 1.265381845871676289E-16 ) ) ;
#975 = ORIENTED_EDGE ( 'NONE', *, *, #1644, .F. ) ;
#976 = CARTESIAN_POINT ( 'NONE',  ( 35.25070182230644633, 7.011800551269157467, -8.985000000000001208 ) ) ;
#977 = CARTESIAN_POINT ( 'NONE',  ( 0.000000000000000000, 2.935478377556205572E-15, -23.97000000000000952 ) ) ;
#978 = EDGE_CURVE ( 'NONE', #233, #1025, #1431, .T. ) ;
#979 = DIRECTION ( 'NONE',  ( 0.1951383847238067903, -0.9807757189120169805, 0.000000000000000000 ) ) ;
#980 = DIRECTION ( 'NONE',  ( -0.9807757189120169805, -0.1951383847238063740, -2.389755982427951941E-17 ) ) ;
#981 = VERTEX_POINT ( 'NONE', #879 ) ;
#982 = CARTESIAN_POINT ( 'NONE',  ( 89.71616926829908323, 30.79446333063648922, -8.985000000000001208 ) ) ;
#983 = LINE ( 'NONE', #407, #1338 ) ;
#984 = VERTEX_POINT ( 'NONE', #598 ) ;
#985 = ORIENTED_EDGE ( 'NONE', *, *, #108, .T. ) ;
#986 = LINE ( 'NONE', #239, #1085 ) ;
#987 = DIRECTION ( 'NONE',  ( -0.000000000000000000, 1.224646799147352714E-16, -1.000000000000000000 ) ) ;
#988 = LINE ( 'NONE', #704, #1031 ) ;
#989 = EDGE_CURVE ( 'NONE', #1378, #1222, #1183, .T. ) ;
#990 = VECTOR ( 'NONE', #1816, 1000.000000000000000 ) ;
#991 = CARTESIAN_POINT ( 'NONE',  ( 78.74000000000000909, 78.73999999999999488, -30.25151396356762845 ) ) ;
#992 = ORIENTED_EDGE ( 'NONE', *, *, #330, .F. ) ;
#993 = FACE_BOUND ( 'NONE', #1586, .T. ) ;
#994 = AXIS2_PLACEMENT_3D ( 'NONE', #623, #1072, #1677 ) ;
#995 = CARTESIAN_POINT ( 'NONE',  ( 40.25270675236292561, 8.006761193551378497, -8.985000000000001208 ) ) ;
#996 = AXIS2_PLACEMENT_3D ( 'NONE', #1821, #1694, #1223 ) ;
#997 = VERTEX_POINT ( 'NONE', #141 ) ;
#998 = VERTEX_POINT ( 'NONE', #439 ) ;
#999 = DIRECTION ( 'NONE',  ( -0.000000000000000000, 1.224646799147352714E-16, -1.000000000000000000 ) ) ;
#1000 = DIRECTION ( 'NONE',  ( 0.9807757189120169805, 0.1951383847238064018, 2.389755982427951941E-17 ) ) ;
#1001 = CARTESIAN_POINT ( 'NONE',  ( 32.77305473270170211, 19.46777361239020010, -8.984999999999999432 ) ) ;
#1002 = ORIENTED_EDGE ( 'NONE', *, *, #365, .F. ) ;
#1003 = CARTESIAN_POINT ( 'NONE',  ( 61.21022100893784312, 137.8185359232820417, -6.349999999999985434 ) ) ;
#1004 = CARTESIAN_POINT ( 'NONE',  ( -19.28773088148453851, 38.00860672269705987, -8.984999999999986997 ) ) ;
#1005 = ADVANCED_FACE ( 'NONE', ( #1795 ), #445, .F. ) ;
#1006 = EDGE_CURVE ( 'NONE', #398, #997, #807, .T. ) ;
#1007 = VERTEX_POINT ( 'NONE', #475 ) ;
#1008 = ORIENTED_EDGE ( 'NONE', *, *, #1332, .F. ) ;
#1009 = DIRECTION ( 'NONE',  ( -0.000000000000000000, 1.224646799147352714E-16, -1.000000000000000000 ) ) ;
#1010 = FACE_OUTER_BOUND ( 'NONE', #1250, .T. ) ;
#1011 = CARTESIAN_POINT ( 'NONE',  ( -34.82236688441543748, 116.0864990624110931, -8.984999999999995879 ) ) ;
#1012 = ORIENTED_EDGE ( 'NONE', *, *, #1219, .F. ) ;
#1013 = DIRECTION ( 'NONE',  ( -0.000000000000000000, 1.224646799147352714E-16, -1.000000000000000000 ) ) ;
#1014 = CARTESIAN_POINT ( 'NONE',  ( 1.765413504725817928, 0.3511625796290184787, 6.679999999999964189 ) ) ;
#1015 = EDGE_LOOP ( 'NONE', ( #1850, #77, #862, #894 ) ) ;
#1016 = EDGE_CURVE ( 'NONE', #192, #1580, #468, .T. ) ;
#1017 = ORIENTED_EDGE ( 'NONE', *, *, #945, .T. ) ;
#1018 = DIRECTION ( 'NONE',  ( 0.9807757189120169805, 0.1951383847238064018, 2.389755982427951941E-17 ) ) ;
#1019 = CARTESIAN_POINT ( 'NONE',  ( 0.000000000000000000, 0.000000000000000000, -29.32000000000001450 ) ) ;
#1020 = AXIS2_PLACEMENT_3D ( 'NONE', #1321, #1196, #293 ) ;
#1021 = ORIENTED_EDGE ( 'NONE', *, *, #969, .T. ) ;
#1022 = PLANE ( 'NONE',  #1027 ) ;
#1023 = VECTOR ( 'NONE', #1680, 1000.000000000000000 ) ;
#1024 = CARTESIAN_POINT ( 'NONE',  ( -34.82236688441543748, 116.0864990624110931, -8.984999999999995879 ) ) ;
#1025 = VERTEX_POINT ( 'NONE', #61 ) ;
#1026 = AXIS2_PLACEMENT_3D ( 'NONE', #570, #1166, #1765 ) ;
#1027 = AXIS2_PLACEMENT_3D ( 'NONE', #1760, #137, #1312 ) ;
#1028 = ORIENTED_EDGE ( 'NONE', *, *, #1575, .T. ) ;
#1029 = EDGE_CURVE ( 'NONE', #361, #1078, #963, .T. ) ;
#1030 = DIRECTION ( 'NONE',  ( 0.1951383847238061242, -0.9807757189120170915, 0.000000000000000000 ) ) ;
#1031 = VECTOR ( 'NONE', #669, 1000.000000000000000 ) ;
#1032 = ADVANCED_FACE ( 'NONE', ( #1828 ), #1545, .F. ) ;
#1033 = FACE_OUTER_BOUND ( 'NONE', #1617, .T. ) ;
#1034 = AXIS2_PLACEMENT_3D ( 'NONE', #1086, #356, #960 ) ;
#1035 = DIRECTION ( 'NONE',  ( -0.000000000000000000, 1.224646799147352714E-16, -1.000000000000000000 ) ) ;
#1036 = ORIENTED_EDGE ( 'NONE', *, *, #448, .F. ) ;
#1037 = ORIENTED_EDGE ( 'NONE', *, *, #1772, .T. ) ;
#1038 = CARTESIAN_POINT ( 'NONE',  ( -20.26850660039655594, 37.81346833797325502, -8.984999999999986997 ) ) ;
#1039 = EDGE_CURVE ( 'NONE', #1280, #1410, #647, .T. ) ;
#1040 = LINE ( 'NONE', #897, #1659 ) ;
#1041 = CARTESIAN_POINT ( 'NONE',  ( 142.2132579921741069, 54.78274592653545483, -13.96999999999999353 ) ) ;
#1042 = ORIENTED_EDGE ( 'NONE', *, *, #606, .T. ) ;
#1043 = VERTEX_POINT ( 'NONE', #783 ) ;
#1044 = CARTESIAN_POINT ( 'NONE',  ( 115.8540969910451821, 35.99362041236611987, -8.984999999999988773 ) ) ;
#1045 = CARTESIAN_POINT ( 'NONE',  ( 8.670062749853363985E-16, -6.456057911400812272E-16, 6.679999999999964189 ) ) ;
#1046 = ADVANCED_FACE ( 'NONE', ( #324 ), #918, .F. ) ;
#1047 = VECTOR ( 'NONE', #241, 1000.000000000000000 ) ;
#1048 = VECTOR ( 'NONE', #827, 1000.000000000000000 ) ;
#1049 = ORIENTED_EDGE ( 'NONE', *, *, #1186, .T. ) ;
#1050 = CIRCLE ( 'NONE', #1805, 88.90000000000000568 ) ;
#1051 = AXIS2_PLACEMENT_3D ( 'NONE', #1038, #895, #1328 ) ;
#1052 = ORIENTED_EDGE ( 'NONE', *, *, #662, .T. ) ;
#1053 = FACE_OUTER_BOUND ( 'NONE', #1915, .T. ) ;
#1054 = AXIS2_PLACEMENT_3D ( 'NONE', #574, #1595, #884 ) ;
#1055 = CIRCLE ( 'NONE', #1301, 1.800000000000000044 ) ;
#1056 = DIRECTION ( 'NONE',  ( 0.1951383847238063463, -0.9807757189120168695, 9.845718785862748180E-33 ) ) ;
#1057 = DIRECTION ( 'NONE',  ( 0.000000000000000000, 0.000000000000000000, 1.000000000000000000 ) ) ;
#1058 = CARTESIAN_POINT ( 'NONE',  ( -2.477647089604744668, 12.45597306112103375, 1.525416753956752789E-15 ) ) ;
#1059 = EDGE_LOOP ( 'NONE', ( #917, #227, #1923, #795, #1102, #680, #788, #1160, #1931, #1632, #985, #218, #1544, #1212 ) ) ;
#1060 = EDGE_CURVE ( 'NONE', #903, #1457, #769, .T. ) ;
#1061 = VERTEX_POINT ( 'NONE', #41 ) ;
#1062 = PRODUCT_DEFINITION_FORMATION_WITH_SPECIFIED_SOURCE ( 'ANY', '', #1852, .NOT_KNOWN. ) ;
#1063 = DIRECTION ( 'NONE',  ( 0.9807852804032316518, 0.1950903220161216978, 0.000000000000000000 ) ) ;
#1064 = CARTESIAN_POINT ( 'NONE',  ( 42.77706459281466067, 21.45769489695464216, -8.984999999999999432 ) ) ;
#1065 = CYLINDRICAL_SURFACE ( 'NONE', #1909, 88.90000000000000568 ) ;
#1066 = DIRECTION ( 'NONE',  ( 0.9807757189120169805, 0.1951383847238063740, 2.389755982427951941E-17 ) ) ;
#1067 = ORIENTED_EDGE ( 'NONE', *, *, #1205, .T. ) ;
#1068 = LINE ( 'NONE', #1103, #517 ) ;
#1069 = VERTEX_POINT ( 'NONE', #1527 ) ;
#1070 = CARTESIAN_POINT ( 'NONE',  ( -35.80314260332745135, 115.8913606776872740, -8.984999999999995879 ) ) ;
#1071 = ADVANCED_FACE ( 'NONE', ( #170 ), #183, .F. ) ;
#1072 = DIRECTION ( 'NONE',  ( -0.3826834323650905034, 0.9238795325112865164, 0.000000000000000000 ) ) ;
#1073 = DIRECTION ( 'NONE',  ( 0.9807757189120169805, 0.1951383847238064018, 2.389755982427951941E-17 ) ) ;
#1074 = CARTESIAN_POINT ( 'NONE',  ( 0.000000000000000000, 1.710831578408851526E-15, -13.97000000000000064 ) ) ;
#1075 = ORIENTED_EDGE ( 'NONE', *, *, #814, .F. ) ;
#1076 = VECTOR ( 'NONE', #1284, 1000.000000000000114 ) ;
#1077 = VERTEX_POINT ( 'NONE', #1359 ) ;
#1078 = VERTEX_POINT ( 'NONE', #1369 ) ;
#1079 = CLOSED_SHELL ( 'NONE', ( #465, #9, #1207, #627, #37, #136, #1005, #673, #389, #1709, #787, #1620, #351, #1127, #1046, #866, #1322, #73, #1145, #1188, #342, #1462, #1862, #1844, #802, #932, #1292, #186, #1932, #1645, #1908, #1343, #388, #472, #548, #1071, #1845, #318, #1229, #1032, #510, #1171, #654, #701, #341, #730, #1144, #1890, #373, #720, #509, #1517, #325, #721, #521, #1421, #891, #1788, #677, #440, #737, #260, #294, #1646 ) ) ;
#1080 = LINE ( 'NONE', #1686, #1275 ) ;
#1081 = PRODUCT_DEFINITION_SHAPE ( 'NONE', 'NONE',  #1413 ) ;
#1082 = AXIS2_PLACEMENT_3D ( 'NONE', #1325, #5, #155 ) ;
#1083 = EDGE_CURVE ( 'NONE', #997, #398, #1088, .T. ) ;
#1084 = LINE ( 'NONE', #1224, #460 ) ;
#1085 = VECTOR ( 'NONE', #262, 1000.000000000000000 ) ;
#1086 = CARTESIAN_POINT ( 'NONE',  ( 0.000000000000000000, 1.710831578408851526E-15, -13.97000000000000064 ) ) ;
#1087 = EDGE_CURVE ( 'NONE', #1241, #926, #1242, .T. ) ;
#1088 = CIRCLE ( 'NONE', #154, 5.000000000000010658 ) ;
#1089 = LINE ( 'NONE', #1846, #1114 ) ;
#1090 = ORIENTED_EDGE ( 'NONE', *, *, #51, .T. ) ;
#1091 = DIRECTION ( 'NONE',  ( -0.9807757189120169805, -0.1951383847238063740, -2.389755982427951941E-17 ) ) ;
#1092 = ORIENTED_EDGE ( 'NONE', *, *, #1290, .T. ) ;
#1093 = DIRECTION ( 'NONE',  ( 0.7071067811865483499, 0.7071067811865465735, 0.000000000000000000 ) ) ;
#1094 = CARTESIAN_POINT ( 'NONE',  ( 1.458023877301404259, -3.519981018844861698, -448.8875689154510269 ) ) ;
#1095 = LINE ( 'NONE', #1225, #966 ) ;
#1096 = EDGE_CURVE ( 'NONE', #943, #49, #1080, .T. ) ;
#1097 = ORIENTED_EDGE ( 'NONE', *, *, #689, .F. ) ;
#1098 = EDGE_LOOP ( 'NONE', ( #1418, #188, #1122, #1154 ) ) ;
#1099 = DIRECTION ( 'NONE',  ( -0.9807757189120169805, -0.1951383847238063740, -2.389755982427951941E-17 ) ) ;
#1100 = FACE_OUTER_BOUND ( 'NONE', #497, .T. ) ;
#1101 = EDGE_CURVE ( 'NONE', #1507, #409, #1782, .T. ) ;
#1102 = ORIENTED_EDGE ( 'NONE', *, *, #920, .F. ) ;
#1103 = CARTESIAN_POINT ( 'NONE',  ( 78.74000000000000909, 15.66235980747372736, -29.32000000000001805 ) ) ;
#1104 = VERTEX_POINT ( 'NONE', #791 ) ;
#1105 = TOROIDAL_SURFACE ( 'NONE', #1269, 3.999999999999994671, 1.000000000000000000 ) ;
#1106 = VECTOR ( 'NONE', #861, 1000.000000000000000 ) ;
#1107 = LINE ( 'NONE', #1714, #1273 ) ;
#1108 = FACE_OUTER_BOUND ( 'NONE', #1480, .T. ) ;
#1109 = AXIS2_PLACEMENT_3D ( 'NONE', #1147, #1750, #858 ) ;
#1110 = AXIS2_PLACEMENT_3D ( 'NONE', #716, #579, #456 ) ;
#1111 = CARTESIAN_POINT ( 'NONE',  ( 92.19381635790382745, 18.33849026951545014, -8.985000000000002984 ) ) ;
#1112 = DIRECTION ( 'NONE',  ( 0.000000000000000000, 0.9630300819490422715, -0.2693938775496221294 ) ) ;
#1113 = ORIENTED_EDGE ( 'NONE', *, *, #83, .T. ) ;
#1114 = VECTOR ( 'NONE', #527, 1000.000000000000000 ) ;
#1115 = LINE ( 'NONE', #1913, #1048 ) ;
#1116 = ORIENTED_EDGE ( 'NONE', *, *, #47, .F. ) ;
#1117 = EDGE_CURVE ( 'NONE', #1633, #38, #1840, .T. ) ;
#1118 = CARTESIAN_POINT ( 'NONE',  ( 142.2132579921740785, 54.78274592653544062, -448.8875689154510269 ) ) ;
#1119 = APPLICATION_PROTOCOL_DEFINITION ( 'draft international standard', 'automotive_design', 1998, #747 ) ;
#1120 = FACE_OUTER_BOUND ( 'NONE', #1286, .T. ) ;
#1121 = DIRECTION ( 'NONE',  ( 0.000000000000000000, -1.224646799147352714E-16, 1.000000000000000000 ) ) ;
#1122 = ORIENTED_EDGE ( 'NONE', *, *, #1306, .F. ) ;
#1123 = DIRECTION ( 'NONE',  ( 0.1950903220161217255, -0.9807852804032317628, -1.201115554296656737E-16 ) ) ;
#1124 = CARTESIAN_POINT ( 'NONE',  ( 118.3317440806499263, 23.53764735124507723, -8.984999999999990550 ) ) ;
#1125 = ORIENTED_EDGE ( 'NONE', *, *, #24, .T. ) ;
#1126 = ORIENTED_EDGE ( 'NONE', *, *, #1829, .F. ) ;
#1127 = ADVANCED_FACE ( 'NONE', ( #1388, #1252, #496, #1875 ), #20, .T. ) ;
#1128 = DIRECTION ( 'NONE',  ( 0.000000000000000000, 1.000000000000000000, 1.170791997284684236E-16 ) ) ;
#1129 = CARTESIAN_POINT ( 'NONE',  ( -29.60749888834660482, 84.75173160223074831, -8.984999999999981668 ) ) ;
#1130 = FACE_OUTER_BOUND ( 'NONE', #578, .T. ) ;
#1131 = DIRECTION ( 'NONE',  ( 0.9807852804032316518, 0.1950903220161217255, 0.000000000000000000 ) ) ;
#1132 = VERTEX_POINT ( 'NONE', #982 ) ;
#1133 = DIRECTION ( 'NONE',  ( 0.000000000000000000, 1.000000000000000000, 1.138269997360109674E-16 ) ) ;
#1134 = DIRECTION ( 'NONE',  ( -0.000000000000000000, 1.224646799147352714E-16, -1.000000000000000000 ) ) ;
#1135 = VERTEX_POINT ( 'NONE', #1668 ) ;
#1136 = ORIENTED_EDGE ( 'NONE', *, *, #125, .F. ) ;
#1137 = VECTOR ( 'NONE', #421, 1000.000000000000114 ) ;
#1138 = DIRECTION ( 'NONE',  ( 0.1951383847238059854, -0.9807757189120170915, 0.000000000000000000 ) ) ;
#1139 = CARTESIAN_POINT ( 'NONE',  ( 54.78274592650938501, 142.2132579921841113, -448.8875689154510269 ) ) ;
#1140 = EDGE_CURVE ( 'NONE', #666, #541, #1184, .T. ) ;
#1141 = AXIS2_PLACEMENT_3D ( 'NONE', #1738, #567, #1288 ) ;
#1142 = LINE ( 'NONE', #1723, #525 ) ;
#1143 = CIRCLE ( 'NONE', #1208, 5.099999999999998757 ) ;
#1144 = ADVANCED_FACE ( 'NONE', ( #1162 ), #105, .F. ) ;
#1145 = ADVANCED_FACE ( 'NONE', ( #406, #1781, #1581, #993 ), #839, .T. ) ;
#1146 = AXIS2_PLACEMENT_3D ( 'NONE', #258, #1876, #531 ) ;
#1147 = CARTESIAN_POINT ( 'NONE',  ( 0.000000000000000000, -2.311115933264683024E-30, 1.734723475976807094E-14 ) ) ;
#1148 = ORIENTED_EDGE ( 'NONE', *, *, #576, .T. ) ;
#1149 = PLANE ( 'NONE',  #906 ) ;
#1150 = AXIS2_PLACEMENT_3D ( 'NONE', #641, #1235, #1537 ) ;
#1151 = LINE ( 'NONE', #1014, #1106 ) ;
#1152 = CIRCLE ( 'NONE', #1841, 152.4000000000000057 ) ;
#1153 = ORIENTED_EDGE ( 'NONE', *, *, #1161, .T. ) ;
#1154 = ORIENTED_EDGE ( 'NONE', *, *, #1578, .T. ) ;
#1155 = CARTESIAN_POINT ( 'NONE',  ( 42.77706459281466067, 21.45769489695464216, -8.984999999999999432 ) ) ;
#1156 = CARTESIAN_POINT ( 'NONE',  ( -8.008810113996347013, 40.25269814702083693, -8.984999999999986997 ) ) ;
#1157 = CYLINDRICAL_SURFACE ( 'NONE', #1315, 5.099999999999984546 ) ;
#1158 = AXIS2_PLACEMENT_3D ( 'NONE', #1802, #1176, #457 ) ;
#1159 = CARTESIAN_POINT ( 'NONE',  ( 37.77505966275818139, 20.46273425467242291, -8.984999999999999432 ) ) ;
#1160 = ORIENTED_EDGE ( 'NONE', *, *, #1920, .T. ) ;
#1161 = EDGE_CURVE ( 'NONE', #1771, #1759, #811, .T. ) ;
#1162 = FACE_OUTER_BOUND ( 'NONE', #1193, .T. ) ;
#1163 = DIRECTION ( 'NONE',  ( 0.000000000000000000, 0.000000000000000000, 1.000000000000000000 ) ) ;
#1164 = ORIENTED_EDGE ( 'NONE', *, *, #1278, .F. ) ;
#1165 = VERTEX_POINT ( 'NONE', #1003 ) ;
#1166 = DIRECTION ( 'NONE',  ( -0.000000000000000000, 1.224646799147352714E-16, -1.000000000000000000 ) ) ;
#1167 = FACE_OUTER_BOUND ( 'NONE', #146, .T. ) ;
#1168 = CARTESIAN_POINT ( 'NONE',  ( 0.000000000000000000, 150.8000000000000114, -13.96999999999998110 ) ) ;
#1169 = ORIENTED_EDGE ( 'NONE', *, *, #1029, .T. ) ;
#1170 = DIRECTION ( 'NONE',  ( -0.000000000000000000, 1.224646799147352714E-16, -1.000000000000000000 ) ) ;
#1171 = ADVANCED_FACE ( 'NONE', ( #850 ), #1149, .F. ) ;
#1172 = DIRECTION ( 'NONE',  ( -0.000000000000000000, 1.224646799147352714E-16, -1.000000000000000000 ) ) ;
#1173 = ORIENTED_EDGE ( 'NONE', *, *, #900, .T. ) ;
#1174 = ORIENTED_EDGE ( 'NONE', *, *, #248, .T. ) ;
#1175 = CARTESIAN_POINT ( 'NONE',  ( -3.810000000000018261, 152.3523675562674100, -13.96999999999998288 ) ) ;
#1176 = DIRECTION ( 'NONE',  ( 1.000000000000000000, 0.000000000000000000, -0.000000000000000000 ) ) ;
#1177 = CARTESIAN_POINT ( 'NONE',  ( -19.28773088148454207, 38.00860672269705987, -8.984999999999986997 ) ) ;
#1178 = CIRCLE ( 'NONE', #958, 152.4000000000000057 ) ;
#1179 = LINE ( 'NONE', #449, #615 ) ;
#1180 = VECTOR ( 'NONE', #695, 1000.000000000000000 ) ;
#1181 = FACE_BOUND ( 'NONE', #568, .T. ) ;
#1182 = ORIENTED_EDGE ( 'NONE', *, *, #249, .T. ) ;
#1183 = CIRCLE ( 'NONE', #590, 5.000000000000010658 ) ;
#1184 = CIRCLE ( 'NONE', #1591, 152.4000000000000057 ) ;
#1185 = ORIENTED_EDGE ( 'NONE', *, *, #1006, .F. ) ;
#1186 = EDGE_CURVE ( 'NONE', #789, #646, #842, .T. ) ;
#1187 = DIRECTION ( 'NONE',  ( -0.000000000000000000, -0.000000000000000000, -1.000000000000000000 ) ) ;
#1188 = ADVANCED_FACE ( 'NONE', ( #1628 ), #1912, .F. ) ;
#1189 = FACE_OUTER_BOUND ( 'NONE', #674, .T. ) ;
#1190 = AXIS2_PLACEMENT_3D ( 'NONE', #214, #72, #43 ) ;
#1191 = CARTESIAN_POINT ( 'NONE',  ( 78.74000000000000909, 73.95576755443974548, -29.32000000000001450 ) ) ;
#1192 = EDGE_LOOP ( 'NONE', ( #256, #1681, #782 ) ) ;
#1193 = EDGE_LOOP ( 'NONE', ( #94, #31, #315, #1012 ) ) ;
#1194 = CARTESIAN_POINT ( 'NONE',  ( -23.54344611692724243, 118.3305904867348630, -8.984999999999995879 ) ) ;
#1195 = EDGE_CURVE ( 'NONE', #691, #452, #209, .T. ) ;
#1196 = DIRECTION ( 'NONE',  ( -0.000000000000000000, 1.224646799147352714E-16, -1.000000000000000000 ) ) ;
#1197 = DIRECTION ( 'NONE',  ( 0.1951383847238064018, -0.9807757189120169805, -9.327523060290998086E-33 ) ) ;
#1198 = ORIENTED_EDGE ( 'NONE', *, *, #596, .T. ) ;
#1199 = EDGE_LOOP ( 'NONE', ( #1365, #1277, #1564, #1835, #545, #381 ) ) ;
#1200 = DIRECTION ( 'NONE',  ( 0.9807852804032317628, 0.1950903220161215035, 0.000000000000000000 ) ) ;
#1201 = PLANE ( 'NONE',  #1158 ) ;
#1202 =( LENGTH_UNIT ( ) NAMED_UNIT ( * ) SI_UNIT ( .MILLI., .METRE. ) );
#1203 = AXIS2_PLACEMENT_3D ( 'NONE', #1493, #1796, #135 ) ;
#1204 = DIRECTION ( 'NONE',  ( -0.1879241346319718009, 0.9445165209574704068, -0.2693938775496221294 ) ) ;
#1205 = EDGE_CURVE ( 'NONE', #268, #733, #566, .T. ) ;
#1206 = UNCERTAINTY_MEASURE_WITH_UNIT (LENGTH_MEASURE( 1.000000000000000082E-05 ), #1202, 'distance_accuracy_value', 'NONE');
#1207 = ADVANCED_FACE ( 'NONE', ( #257 ), #1344, .T. ) ;
#1208 = AXIS2_PLACEMENT_3D ( 'NONE', #106, #1299, #97 ) ;
#1209 = DIRECTION ( 'NONE',  ( 0.1950903220161217533, -0.9807852804032317628, -1.665334536937734811E-16 ) ) ;
#1210 = VERTEX_POINT ( 'NONE', #95 ) ;
#1211 = VECTOR ( 'NONE', #822, 1000.000000000000114 ) ;
#1212 = ORIENTED_EDGE ( 'NONE', *, *, #1265, .F. ) ;
#1213 = DIRECTION ( 'NONE',  ( -0.9807757189120169805, -0.1951383847238063740, -2.389755982427951941E-17 ) ) ;
#1214 = CARTESIAN_POINT ( 'NONE',  ( 0.000000000000000000, 3.713129095014775971E-15, -30.32000000000002160 ) ) ;
#1215 = AXIS2_PLACEMENT_3D ( 'NONE', #1070, #32, #799 ) ;
#1216 = AXIS2_PLACEMENT_3D ( 'NONE', #1256, #817, #506 ) ;
#1217 = DIRECTION ( 'NONE',  ( -0.1950903220161217255, 0.9807852804032317628, 1.201115554296656491E-16 ) ) ;
#1218 = CARTESIAN_POINT ( 'NONE',  ( -7.033118190377315671, 35.34881955246075336, -8.984999999999986997 ) ) ;
#1219 = EDGE_CURVE ( 'NONE', #1793, #429, #4, .T. ) ;
#1220 = EDGE_LOOP ( 'NONE', ( #236, #109, #163, #1008 ) ) ;
#1221 = DIRECTION ( 'NONE',  ( -0.1951383847238061242, 0.9807757189120170915, 0.000000000000000000 ) ) ;
#1222 = VERTEX_POINT ( 'NONE', #709 ) ;
#1223 = DIRECTION ( 'NONE',  ( 0.000000000000000000, 1.000000000000000000, 1.252096997096120642E-16 ) ) ;
#1224 = CARTESIAN_POINT ( 'NONE',  ( -72.70592316368770014, -78.09407683631212649, -13.97000000000000774 ) ) ;
#1225 = CARTESIAN_POINT ( 'NONE',  ( -73.50592316368768309, -78.89407683631213786, -6.350000000000012079 ) ) ;
#1226 = CARTESIAN_POINT ( 'NONE',  ( -0.3512490925028538546, 1.765396294041633674, 6.679999999999964189 ) ) ;
#1227 = LINE ( 'NONE', #1257, #269 ) ;
#1228 = ORIENTED_EDGE ( 'NONE', *, *, #385, .T. ) ;
#1229 = ADVANCED_FACE ( 'NONE', ( #1886 ), #1022, .F. ) ;
#1230 = CARTESIAN_POINT ( 'NONE',  ( 0.000000000000000000, 7.776507174585696107E-16, -6.350000000000004974 ) ) ;
#1231 = ORIENTED_EDGE ( 'NONE', *, *, #1479, .T. ) ;
#1232 = CARTESIAN_POINT ( 'NONE',  ( 110.4234690651747002, 105.0353153925498191, -448.8875689154510269 ) ) ;
#1233 = EDGE_CURVE ( 'NONE', #426, #1648, #1470, .T. ) ;
#1234 = EDGE_CURVE ( 'NONE', #883, #1291, #493, .T. ) ;
#1235 = DIRECTION ( 'NONE',  ( -0.9807757189120169805, -0.1951383847238063740, -2.389755982427951941E-17 ) ) ;
#1236 = CARTESIAN_POINT ( 'NONE',  ( -20.26850660039655594, 37.81346833797325502, -8.984999999999986997 ) ) ;
#1237 = CARTESIAN_POINT ( 'NONE',  ( -29.60241509305361873, 89.85074858151465094, -8.984999999999981668 ) ) ;
#1238 = EDGE_LOOP ( 'NONE', ( #909, #759, #859, #1889 ) ) ;
#1239 = AXIS2_PLACEMENT_3D ( 'NONE', #1129, #1000, #1731 ) ;
#1240 = DIRECTION ( 'NONE',  ( -0.000000000000000000, 1.224646799147352714E-16, -1.000000000000000000 ) ) ;
#1241 = VERTEX_POINT ( 'NONE', #1324 ) ;
#1242 = LINE ( 'NONE', #1232, #335 ) ;
#1243 = EDGE_CURVE ( 'NONE', #1069, #1641, #1330, .T. ) ;
#1244 = DIRECTION ( 'NONE',  ( 0.3826834323650891712, -0.9238795325112870716, 0.000000000000000000 ) ) ;
#1245 = AXIS2_PLACEMENT_3D ( 'NONE', #486, #792, #1518 ) ;
#1246 = CYLINDRICAL_SURFACE ( 'NONE', #1927, 150.8000000000000114 ) ;
#1247 = VECTOR ( 'NONE', #50, 1000.000000000000000 ) ;
#1248 = DIRECTION ( 'NONE',  ( -0.1951383847238059854, 0.9807757189120170915, 0.000000000000000000 ) ) ;
#1249 = CYLINDRICAL_SURFACE ( 'NONE', #902, 5.000000000000011546 ) ;
#1250 = EDGE_LOOP ( 'NONE', ( #1300, #1333, #471, #197 ) ) ;
#1251 = ORIENTED_EDGE ( 'NONE', *, *, #1306, .T. ) ;
#1252 = FACE_BOUND ( 'NONE', #1660, .T. ) ;
#1253 = CARTESIAN_POINT ( 'NONE',  ( 9.257906264720891449E-32, 3.713129095014775183E-15, -30.32000000000001450 ) ) ;
#1254 = CARTESIAN_POINT ( 'NONE',  ( 87.19181142784731264, 17.34352962723322733, -17.97000000000000597 ) ) ;
#1255 = EDGE_CURVE ( 'NONE', #250, #1895, #1179, .T. ) ;
#1256 = CARTESIAN_POINT ( 'NONE',  ( -29.60749888834660482, 84.75173160223074831, -8.984999999999981668 ) ) ;
#1257 = CARTESIAN_POINT ( 'NONE',  ( 103.9035870686550993, 109.2917407413132196, -30.32000000000000739 ) ) ;
#1258 = VERTEX_POINT ( 'NONE', #624 ) ;
#1259 = VERTEX_POINT ( 'NONE', #1355 ) ;
#1260 = ORIENTED_EDGE ( 'NONE', *, *, #1435, .T. ) ;
#1261 = DIRECTION ( 'NONE',  ( 0.000000000000000000, 0.000000000000000000, -1.000000000000000000 ) ) ;
#1262 = CARTESIAN_POINT ( 'NONE',  ( -36.77883452694648980, 120.7952392722473718, -8.984999999999995879 ) ) ;
#1263 = CARTESIAN_POINT ( 'NONE',  ( 0.000000000000000000, 2.935478377556205572E-15, -23.97000000000000952 ) ) ;
#1264 = ORIENTED_EDGE ( 'NONE', *, *, #537, .F. ) ;
#1265 = EDGE_CURVE ( 'NONE', #752, #1450, #764, .T. ) ;
#1266 = EDGE_CURVE ( 'NONE', #1742, #474, #1488, .T. ) ;
#1267 = CARTESIAN_POINT ( 'NONE',  ( 0.000000000000000000, 1.710831578408851526E-15, -13.97000000000000064 ) ) ;
#1268 = EDGE_LOOP ( 'NONE', ( #1864, #1874 ) ) ;
#1269 = AXIS2_PLACEMENT_3D ( 'NONE', #1177, #16, #1056 ) ;
#1270 = AXIS2_PLACEMENT_3D ( 'NONE', #1523, #181, #636 ) ;
#1271 = LINE ( 'NONE', #1869, #274 ) ;
#1272 = VECTOR ( 'NONE', #1561, 1000.000000000000000 ) ;
#1273 = VECTOR ( 'NONE', #399, 1000.000000000000114 ) ;
#1274 = DIRECTION ( 'NONE',  ( 0.000000000000000000, 0.000000000000000000, -1.000000000000000000 ) ) ;
#1275 = VECTOR ( 'NONE', #338, 1000.000000000000000 ) ;
#1276 = FACE_OUTER_BOUND ( 'NONE', #1423, .T. ) ;
#1277 = ORIENTED_EDGE ( 'NONE', *, *, #1500, .T. ) ;
#1278 = EDGE_CURVE ( 'NONE', #1043, #1135, #1152, .T. ) ;
#1279 = DIRECTION ( 'NONE',  ( 0.1950903220161217533, -0.9807852804032317628, -1.201115554296656984E-16 ) ) ;
#1280 = VERTEX_POINT ( 'NONE', #592 ) ;
#1281 = ORIENTED_EDGE ( 'NONE', *, *, #823, .T. ) ;
#1282 = CARTESIAN_POINT ( 'NONE',  ( 37.77505966275818139, 20.46273425467242291, -8.984999999999999432 ) ) ;
#1283 = CARTESIAN_POINT ( 'NONE',  ( -55.33956060373552077, -18.79848225469418921, -6.350000000000004086 ) ) ;
#1284 = DIRECTION ( 'NONE',  ( -0.3826834323650925018, -0.9238795325112855172, -1.131426112287698289E-16 ) ) ;
#1285 = LINE ( 'NONE', #232, #1589 ) ;
#1286 = EDGE_LOOP ( 'NONE', ( #734, #210, #1857, #1583 ) ) ;
#1287 = CARTESIAN_POINT ( 'NONE',  ( -0.1561107077790457598, 0.7846205751296171371, 5.679999999999963300 ) ) ;
#1288 = DIRECTION ( 'NONE',  ( -0.1951383847238059854, 0.9807757189120170915, 0.000000000000000000 ) ) ;
#1289 = ORIENTED_EDGE ( 'NONE', *, *, #450, .F. ) ;
#1290 = EDGE_CURVE ( 'NONE', #1258, #691, #462, .T. ) ;
#1291 = VERTEX_POINT ( 'NONE', #313 ) ;
#1292 = ADVANCED_FACE ( 'NONE', ( #1189 ), #1065, .T. ) ;
#1293 = DIRECTION ( 'NONE',  ( -0.9807757189120169805, -0.1951383847238063740, -2.389755982427951941E-17 ) ) ;
#1294 = FACE_OUTER_BOUND ( 'NONE', #200, .T. ) ;
#1295 = CARTESIAN_POINT ( 'NONE',  ( 87.19181142784735528, 17.34352962723322733, -8.985000000000002984 ) ) ;
#1296 = LINE ( 'NONE', #1602, #1272 ) ;
#1297 = ORIENTED_EDGE ( 'NONE', *, *, #838, .T. ) ;
#1298 = CARTESIAN_POINT ( 'NONE',  ( 0.000000000000000000, 3.713129095014775971E-15, -30.32000000000002160 ) ) ;
#1299 = DIRECTION ( 'NONE',  ( 0.1950903220161217533, -0.9807852804032317628, -1.665334536937734811E-16 ) ) ;
#1300 = ORIENTED_EDGE ( 'NONE', *, *, #777, .F. ) ;
#1301 = AXIS2_PLACEMENT_3D ( 'NONE', #223, #1274, #847 ) ;
#1302 = ORIENTED_EDGE ( 'NONE', *, *, #249, .F. ) ;
#1303 = DIRECTION ( 'NONE',  ( 2.343814641690067863E-17, 4.663331222950435863E-18, -1.000000000000000000 ) ) ;
#1304 = DIRECTION ( 'NONE',  ( 0.000000000000000000, 1.000000000000000000, 1.138269997360109674E-16 ) ) ;
#1305 = AXIS2_PLACEMENT_3D ( 'NONE', #247, #841, #226 ) ;
#1306 = EDGE_CURVE ( 'NONE', #953, #1376, #1040, .T. ) ;
#1307 = CARTESIAN_POINT ( 'NONE',  ( -3.809999999999983622, -150.8000000000000114, -13.97000000000001663 ) ) ;
#1308 = TOROIDAL_SURFACE ( 'NONE', #1682, 4.000000000000009770, 1.000000000000000000 ) ;
#1309 = AXIS2_PLACEMENT_3D ( 'NONE', #1464, #829, #1587 ) ;
#1310 = LINE ( 'NONE', #74, #1625 ) ;
#1311 = ORIENTED_EDGE ( 'NONE', *, *, #1531, .F. ) ;
#1312 = DIRECTION ( 'NONE',  ( 0.000000000000000000, -1.000000000000000000, -1.224646799147352714E-16 ) ) ;
#1313 = AXIS2_PLACEMENT_3D ( 'NONE', #1704, #176, #349 ) ;
#1314 = DIRECTION ( 'NONE',  ( 0.1951383847238072067, -0.9807757189120168695, -1.201103844847045176E-16 ) ) ;
#1315 = AXIS2_PLACEMENT_3D ( 'NONE', #402, #386, #376 ) ;
#1316 = EDGE_LOOP ( 'NONE', ( #577, #1067, #1182, #370 ) ) ;
#1317 = CARTESIAN_POINT ( 'NONE',  ( 0.000000000000000000, 3.713129095014775183E-15, 6.679999999999964189 ) ) ;
#1318 = ORIENTED_EDGE ( 'NONE', *, *, #1060, .F. ) ;
#1319 = PLANE ( 'NONE',  #1051 ) ;
#1320 = CARTESIAN_POINT ( 'NONE',  ( 0.000000000000000000, -150.8000000000000114, -13.97000000000001663 ) ) ;
#1321 = CARTESIAN_POINT ( 'NONE',  ( 0.000000000000000000, 1.710831578408851526E-15, -13.97000000000000064 ) ) ;
#1322 = ADVANCED_FACE ( 'NONE', ( #914 ), #1441, .T. ) ;
#1323 = VERTEX_POINT ( 'NONE', #661 ) ;
#1324 = CARTESIAN_POINT ( 'NONE',  ( 110.4234690651747002, 105.0353153925498191, -13.96999999999998820 ) ) ;
#1325 = CARTESIAN_POINT ( 'NONE',  ( 0.000000000000000000, 3.713129095014775183E-15, 5.679999999999963300 ) ) ;
#1326 = ORIENTED_EDGE ( 'NONE', *, *, #1439, .F. ) ;
#1327 = VERTEX_POINT ( 'NONE', #934 ) ;
#1328 = DIRECTION ( 'NONE',  ( 0.1951383847238063740, -0.9807757189120169805, 0.000000000000000000 ) ) ;
#1329 = DIRECTION ( 'NONE',  ( 0.000000000000000000, 1.000000000000000000, 1.224646799147352714E-16 ) ) ;
#1330 = LINE ( 'NONE', #1769, #748 ) ;
#1331 = CARTESIAN_POINT ( 'NONE',  ( 87.19181142784735528, 17.34352962723322733, -8.985000000000002984 ) ) ;
#1332 = EDGE_CURVE ( 'NONE', #1327, #1378, #44, .T. ) ;
#1333 = ORIENTED_EDGE ( 'NONE', *, *, #1195, .T. ) ;
#1334 = EDGE_LOOP ( 'NONE', ( #1597, #1174 ) ) ;
#1335 = DIRECTION ( 'NONE',  ( 0.1950903220161217533, -0.9807852804032317628, -1.201115554296656984E-16 ) ) ;
#1336 = CARTESIAN_POINT ( 'NONE',  ( 29.16737720967882908, -146.5967620470452459, -17.97000000000002373 ) ) ;
#1337 = DIRECTION ( 'NONE',  ( 0.1950903220161217255, -0.9807852804032316518, -1.201115554296656984E-16 ) ) ;
#1338 = VECTOR ( 'NONE', #1314, 1000.000000000000000 ) ;
#1339 = VECTOR ( 'NONE', #1112, 1000.000000000000227 ) ;
#1340 = FACE_OUTER_BOUND ( 'NONE', #60, .T. ) ;
#1341 = VERTEX_POINT ( 'NONE', #1530 ) ;
#1342 = AXIS2_PLACEMENT_3D ( 'NONE', #8, #1775, #1621 ) ;
#1343 = ADVANCED_FACE ( 'NONE', ( #1560 ), #1392, .F. ) ;
#1344 = TOROIDAL_SURFACE ( 'NONE', #400, 4.000000000000009770, 1.000000000000000000 ) ;
#1345 = VERTEX_POINT ( 'NONE', #951 ) ;
#1346 = CARTESIAN_POINT ( 'NONE',  ( 0.000000000000000000, 111.5999999999999943, -30.31999999999999318 ) ) ;
#1347 = CARTESIAN_POINT ( 'NONE',  ( 0.000000000000000000, -150.8000000000000114, -13.97000000000001663 ) ) ;
#1348 = ORIENTED_EDGE ( 'NONE', *, *, #1541, .T. ) ;
#1349 = ORIENTED_EDGE ( 'NONE', *, *, #271, .T. ) ;
#1350 = EDGE_CURVE ( 'NONE', #1078, #361, #1559, .T. ) ;
#1351 = DIRECTION ( 'NONE',  ( -0.000000000000000000, -0.000000000000000000, 1.000000000000000000 ) ) ;
#1352 = CARTESIAN_POINT ( 'NONE',  ( 77.14555425986534942, 78.73999999999999488, -29.93612781560381464 ) ) ;
#1353 = EDGE_CURVE ( 'NONE', #984, #7, #204, .T. ) ;
#1354 = LINE ( 'NONE', #434, #1706 ) ;
#1355 = CARTESIAN_POINT ( 'NONE',  ( -17.34780240194645984, 87.19096141127829469, -17.96999999999999886 ) ) ;
#1356 = FACE_BOUND ( 'NONE', #1268, .T. ) ;
#1357 = ORIENTED_EDGE ( 'NONE', *, *, #1234, .T. ) ;
#1358 = ORIENTED_EDGE ( 'NONE', *, *, #1806, .T. ) ;
#1359 = CARTESIAN_POINT ( 'NONE',  ( 78.74000000000000909, 78.73999999999999488, -30.25151396356762845 ) ) ;
#1360 = FACE_OUTER_BOUND ( 'NONE', #1725, .T. ) ;
#1361 = EDGE_CURVE ( 'NONE', #1025, #233, #1811, .T. ) ;
#1362 = AXIS2_PLACEMENT_3D ( 'NONE', #1454, #987, #1304 ) ;
#1363 = VECTOR ( 'NONE', #698, 1000.000000000000114 ) ;
#1364 = CYLINDRICAL_SURFACE ( 'NONE', #1522, 5.099999999999998757 ) ;
#1365 = ORIENTED_EDGE ( 'NONE', *, *, #108, .F. ) ;
#1366 = AXIS2_PLACEMENT_3D ( 'NONE', #1159, #1422, #1131 ) ;
#1367 = AXIS2_PLACEMENT_3D ( 'NONE', #1044, #1650, #1200 ) ;
#1368 = ORIENTED_EDGE ( 'NONE', *, *, #287, .T. ) ;
#1369 = CARTESIAN_POINT ( 'NONE',  ( -36.58369614222268495, 119.8144635533353579, -8.984999999999995879 ) ) ;
#1370 = AXIS2_PLACEMENT_3D ( 'NONE', #1896, #1013, #1615 ) ;
#1371 = AXIS2_PLACEMENT_3D ( 'NONE', #1613, #412, #1907 ) ;
#1372 = DIRECTION ( 'NONE',  ( 0.000000000000000000, -1.000000000000000000, -1.224646799147352714E-16 ) ) ;
#1373 = DIRECTION ( 'NONE',  ( 0.000000000000000000, 1.000000000000000000, 1.207864489241145538E-16 ) ) ;
#1374 = EDGE_CURVE ( 'NONE', #1457, #1450, #1381, .T. ) ;
#1375 = CARTESIAN_POINT ( 'NONE',  ( 84.71416433824261105, 29.79950268835426641, -8.985000000000001208 ) ) ;
#1376 = VERTEX_POINT ( 'NONE', #633 ) ;
#1377 = CARTESIAN_POINT ( 'NONE',  ( -3.809999999999983622, -152.4000000000000057, -6.350000000000020961 ) ) ;
#1378 = VERTEX_POINT ( 'NONE', #1539 ) ;
#1379 = CARTESIAN_POINT ( 'NONE',  ( 78.74000000000000909, 78.73999999999999488, -29.32000000000001450 ) ) ;
#1380 = PLANE ( 'NONE',  #1468 ) ;
#1381 = LINE ( 'NONE', #1860, #275 ) ;
#1382 = PRODUCT_DEFINITION_CONTEXT ( 'detailed design', #747, 'design' ) ;
#1383 = CARTESIAN_POINT ( 'NONE',  ( 61.21022100893783602, 137.8185359232820417, -13.96999999999998288 ) ) ;
#1384 = ORIENTED_EDGE ( 'NONE', *, *, #533, .T. ) ;
#1385 = EDGE_CURVE ( 'NONE', #1132, #1447, #340, .T. ) ;
#1386 = ORIENTED_EDGE ( 'NONE', *, *, #1929, .T. ) ;
#1387 = ORIENTED_EDGE ( 'NONE', *, *, #535, .F. ) ;
#1388 = FACE_BOUND ( 'NONE', #1813, .T. ) ;
#1389 = ORIENTED_EDGE ( 'NONE', *, *, #231, .T. ) ;
#1390 = LINE ( 'NONE', #1822, #1557 ) ;
#1391 =( NAMED_UNIT ( * ) SI_UNIT ( $, .STERADIAN. ) SOLID_ANGLE_UNIT ( ) );
#1392 = PLANE ( 'NONE',  #1313 ) ;
#1393 = CARTESIAN_POINT ( 'NONE',  ( 0.000000000000000000, 1.710831578408851526E-15, -13.97000000000000064 ) ) ;
#1394 = VECTOR ( 'NONE', #736, 1000.000000000000000 ) ;
#1395 = EDGE_LOOP ( 'NONE', ( #923, #56, #1368, #1403 ) ) ;
#1396 = TOROIDAL_SURFACE ( 'NONE', #120, 4.000000000000009770, 1.000000000000000000 ) ;
#1397 = CARTESIAN_POINT ( 'NONE',  ( -28.62672316943458739, 84.94686998695455316, -8.984999999999981668 ) ) ;
#1398 = ORIENTED_EDGE ( 'NONE', *, *, #405, .F. ) ;
#1399 = CIRCLE ( 'NONE', #555, 5.099999999999998757 ) ;
#1400 = DIRECTION ( 'NONE',  ( 0.000000000000000000, 1.000000000000000000, 1.224646799147352714E-16 ) ) ;
#1401 = EDGE_CURVE ( 'NONE', #911, #1043, #477, .T. ) ;
#1402 = AXIS2_PLACEMENT_3D ( 'NONE', #835, #1592, #540 ) ;
#1403 = ORIENTED_EDGE ( 'NONE', *, *, #1385, .F. ) ;
#1404 = CARTESIAN_POINT ( 'NONE',  ( -29.60749888834660482, 84.75173160223074831, -8.984999999999981668 ) ) ;
#1405 = CIRCLE ( 'NONE', #432, 5.099999999999998757 ) ;
#1406 = VECTOR ( 'NONE', #288, 1000.000000000000000 ) ;
#1407 = CARTESIAN_POINT ( 'NONE',  ( -17.34780240194639234, 87.19096141127832311, -8.984999999999981668 ) ) ;
#1408 = EDGE_LOOP ( 'NONE', ( #1498, #886 ) ) ;
#1409 = DIRECTION ( 'NONE',  ( 0.9807757189120169805, 0.1951383847238064018, 2.389755982427951941E-17 ) ) ;
#1410 = VERTEX_POINT ( 'NONE', #793 ) ;
#1411 = CARTESIAN_POINT ( 'NONE',  ( 54.17025897120177547, 140.7345836779039132, -13.96999999999998288 ) ) ;
#1412 =( LENGTH_UNIT ( ) NAMED_UNIT ( * ) SI_UNIT ( .MILLI., .METRE. ) );
#1413 = PRODUCT_DEFINITION ( 'UNKNOWN', '', #1062, #1382 ) ;
#1414 = EDGE_CURVE ( 'NONE', #38, #1899, #1528, .T. ) ;
#1415 = DIRECTION ( 'NONE',  ( 0.9807852804032316518, 0.1950903220161216978, 2.389167384016697620E-17 ) ) ;
#1416 = VERTEX_POINT ( 'NONE', #655 ) ;
#1417 = CARTESIAN_POINT ( 'NONE',  ( 4.794722622946834818E-14, 2.935478377556205572E-15, -29.32000000000001450 ) ) ;
#1418 = ORIENTED_EDGE ( 'NONE', *, *, #616, .T. ) ;
#1419 = LINE ( 'NONE', #1118, #59 ) ;
#1420 = DIRECTION ( 'NONE',  ( 0.9807852804032318739, 0.1950903220161216145, 0.000000000000000000 ) ) ;
#1421 = ADVANCED_FACE ( 'NONE', ( #1853 ), #1697, .T. ) ;
#1422 = DIRECTION ( 'NONE',  ( 0.1950903220161217533, -0.9807852804032317628, -1.201115554296657230E-16 ) ) ;
#1423 = EDGE_LOOP ( 'NONE', ( #28, #1610, #712, #1603, #1136, #179 ) ) ;
#1424 = CIRCLE ( 'NONE', #387, 5.000000000000011546 ) ;
#1425 = DIRECTION ( 'NONE',  ( -0.000000000000000000, 1.224646799147352714E-16, -1.000000000000000000 ) ) ;
#1426 = ORIENTED_EDGE ( 'NONE', *, *, #537, .T. ) ;
#1427 = CIRCLE ( 'NONE', #391, 0.7999999999999999334 ) ;
#1428 = DIRECTION ( 'NONE',  ( 0.9807852804032318739, 0.1950903220161216145, 0.000000000000000000 ) ) ;
#1429 = FACE_OUTER_BOUND ( 'NONE', #202, .T. ) ;
#1430 = AXIS2_PLACEMENT_3D ( 'NONE', #1569, #684, #243 ) ;
#1431 = CIRCLE ( 'NONE', #1342, 5.000000000000010658 ) ;
#1432 = FILL_AREA_STYLE ('',( #1767 ) ) ;
#1433 = AXIS2_PLACEMENT_3D ( 'NONE', #697, #872, #393 ) ;
#1434 = PLANE ( 'NONE',  #1430 ) ;
#1435 = EDGE_CURVE ( 'NONE', #281, #75, #30, .T. ) ;
#1436 = EDGE_LOOP ( 'NONE', ( #1551, #437, #1049, #637 ) ) ;
#1437 = DIRECTION ( 'NONE',  ( 0.1951383847238064018, -0.9807757189120169805, -9.327523060290998086E-33 ) ) ;
#1438 = DIRECTION ( 'NONE',  ( 0.9807757189120169805, 0.1951383847238063740, 2.389755982427951941E-17 ) ) ;
#1439 = EDGE_CURVE ( 'NONE', #1899, #926, #1095, .T. ) ;
#1440 = ORIENTED_EDGE ( 'NONE', *, *, #96, .F. ) ;
#1441 = CYLINDRICAL_SURFACE ( 'NONE', #1906, 1.800000000000000044 ) ;
#1442 = ORIENTED_EDGE ( 'NONE', *, *, #1594, .T. ) ;
#1443 = CARTESIAN_POINT ( 'NONE',  ( -19.29281467677752815, 32.90958974341317145, -8.984999999999986997 ) ) ;
#1444 = CARTESIAN_POINT ( 'NONE',  ( 0.000000000000000000, 7.776507174585696107E-16, -6.350000000000004974 ) ) ;
#1445 = DIRECTION ( 'NONE',  ( -1.000000000000000000, 0.000000000000000000, 0.000000000000000000 ) ) ;
#1446 = DIRECTION ( 'NONE',  ( 0.000000000000000000, -1.000000000000000000, -1.224646799147352714E-16 ) ) ;
#1447 = VERTEX_POINT ( 'NONE', #1111 ) ;
#1448 = CARTESIAN_POINT ( 'NONE',  ( -2.694076836328795466, 2.694076836328782143, -448.8875689154510269 ) ) ;
#1449 = DIRECTION ( 'NONE',  ( -0.000000000000000000, 1.224646799147352714E-16, -1.000000000000000000 ) ) ;
#1450 = VERTEX_POINT ( 'NONE', #1831 ) ;
#1451 = EDGE_CURVE ( 'NONE', #1104, #1691, #1089, .T. ) ;
#1452 = ORIENTED_EDGE ( 'NONE', *, *, #920, .T. ) ;
#1453 = DIRECTION ( 'NONE',  ( -1.000000000000000000, 0.000000000000000000, -0.000000000000000000 ) ) ;
#1454 = CARTESIAN_POINT ( 'NONE',  ( 0.000000000000000000, 2.200690298067793105E-15, -17.96999999999999886 ) ) ;
#1455 = CARTESIAN_POINT ( 'NONE',  ( -15.66637113548989468, 78.74000000000000909, -29.32000000000001450 ) ) ;
#1456 = LINE ( 'NONE', #663, #834 ) ;
#1457 = VERTEX_POINT ( 'NONE', #1455 ) ;
#1458 = DIRECTION ( 'NONE',  ( -0.9807757189120169805, -0.1951383847238063740, -2.389755982427951941E-17 ) ) ;
#1459 = LINE ( 'NONE', #852, #329 ) ;
#1460 = ORIENTED_EDGE ( 'NONE', *, *, #1117, .F. ) ;
#1461 = ORIENTED_EDGE ( 'NONE', *, *, #690, .T. ) ;
#1462 = ADVANCED_FACE ( 'NONE', ( #1120, #1466 ), #212, .T. ) ;
#1463 = CIRCLE ( 'NONE', #515, 88.90000000000001990 ) ;
#1464 = CARTESIAN_POINT ( 'NONE',  ( 0.000000000000000000, 3.713129095014775183E-15, -29.32000000000001450 ) ) ;
#1465 = LINE ( 'NONE', #1283, #147 ) ;
#1466 = FACE_BOUND ( 'NONE', #1192, .T. ) ;
#1467 = AXIS2_PLACEMENT_3D ( 'NONE', #178, #1066, #478 ) ;
#1468 = AXIS2_PLACEMENT_3D ( 'NONE', #1881, #110, #367 ) ;
#1469 = VERTEX_POINT ( 'NONE', #549 ) ;
#1470 = LINE ( 'NONE', #731, #1471 ) ;
#1471 = VECTOR ( 'NONE', #686, 1000.000000000000000 ) ;
#1472 = DIRECTION ( 'NONE',  ( 0.9807757189120169805, 0.1951383847238063740, 2.389755982427951941E-17 ) ) ;
#1473 = CIRCLE ( 'NONE', #277, 111.5999999999999943 ) ;
#1474 = ORIENTED_EDGE ( 'NONE', *, *, #1607, .T. ) ;
#1475 = ORIENTED_EDGE ( 'NONE', *, *, #1083, .T. ) ;
#1476 = CARTESIAN_POINT ( 'NONE',  ( -0.3512490925028529665, 1.765396294041633674, 5.679999999999963300 ) ) ;
#1477 = DIRECTION ( 'NONE',  ( 0.9807852804032318739, 0.1950903220161216145, 0.000000000000000000 ) ) ;
#1478 = CARTESIAN_POINT ( 'NONE',  ( 1.765413504725817928, 0.3511625796290184787, -30.32000000000001450 ) ) ;
#1479 = EDGE_CURVE ( 'NONE', #1895, #1924, #127, .T. ) ;
#1480 = EDGE_LOOP ( 'NONE', ( #1810, #1389, #1711, #316 ) ) ;
#1481 = DIRECTION ( 'NONE',  ( -0.000000000000000000, 1.224646799147352714E-16, -1.000000000000000000 ) ) ;
#1482 = DIRECTION ( 'NONE',  ( -1.762482576557589070E-16, -1.000000000000000000, 0.000000000000000000 ) ) ;
#1483 = ORIENTED_EDGE ( 'NONE', *, *, #271, .F. ) ;
#1484 = ORIENTED_EDGE ( 'NONE', *, *, #1700, .T. ) ;
#1485 = CARTESIAN_POINT ( 'NONE',  ( -28.63180696472756992, 79.84785300767065053, -8.984999999999981668 ) ) ;
#1486 = LINE ( 'NONE', #142, #1394 ) ;
#1487 = EDGE_CURVE ( 'NONE', #398, #75, #1812, .T. ) ;
#1488 = LINE ( 'NONE', #1807, #808 ) ;
#1489 = DIRECTION ( 'NONE',  ( 0.000000000000000000, 1.000000000000000000, 1.170791997284684236E-16 ) ) ;
#1490 = ORIENTED_EDGE ( 'NONE', *, *, #639, .F. ) ;
#1491 = ORIENTED_EDGE ( 'NONE', *, *, #689, .T. ) ;
#1492 = FACE_OUTER_BOUND ( 'NONE', #1773, .T. ) ;
#1493 = CARTESIAN_POINT ( 'NONE',  ( 0.000000000000000000, 2.200690298067793105E-15, -17.96999999999999886 ) ) ;
#1494 = CIRCLE ( 'NONE', #1774, 4.999999999999996447 ) ;
#1495 = CIRCLE ( 'NONE', #1746, 152.4000000000000057 ) ;
#1496 = EDGE_CURVE ( 'NONE', #981, #361, #717, .T. ) ;
#1497 = DIRECTION ( 'NONE',  ( -0.000000000000000000, 1.224646799147352714E-16, -1.000000000000000000 ) ) ;
#1498 = ORIENTED_EDGE ( 'NONE', *, *, #989, .F. ) ;
#1499 = EDGE_CURVE ( 'NONE', #480, #943, #1732, .T. ) ;
#1500 = EDGE_CURVE ( 'NONE', #474, #949, #1473, .T. ) ;
#1501 = AXIS2_PLACEMENT_3D ( 'NONE', #414, #266, #860 ) ;
#1502 = ORIENTED_EDGE ( 'NONE', *, *, #198, .T. ) ;
#1503 = DIRECTION ( 'NONE',  ( 0.000000000000000000, -1.224646799147352714E-16, 1.000000000000000000 ) ) ;
#1504 = CARTESIAN_POINT ( 'NONE',  ( 78.74000000000000909, 78.73999999999999488, -30.25151396356762845 ) ) ;
#1505 = CARTESIAN_POINT ( 'NONE',  ( 0.7846282243225853881, 0.1560722576129010830, 5.679999999999963300 ) ) ;
#1506 = CARTESIAN_POINT ( 'NONE',  ( -17.34780240194645984, 87.19096141127829469, -30.32000000000001094 ) ) ;
#1507 = VERTEX_POINT ( 'NONE', #563 ) ;
#1508 = ORIENTED_EDGE ( 'NONE', *, *, #1439, .T. ) ;
#1509 = LINE ( 'NONE', #1916, #1868 ) ;
#1510 = EDGE_CURVE ( 'NONE', #1007, #378, #1142, .T. ) ;
#1511 = CYLINDRICAL_SURFACE ( 'NONE', #668, 150.8000000000000114 ) ;
#1512 = CARTESIAN_POINT ( 'NONE',  ( -8.672114174253242433E-16, 3.540585839765608688E-15, 6.679999999999964189 ) ) ;
#1513 = ORIENTED_EDGE ( 'NONE', *, *, #1451, .T. ) ;
#1514 = ORIENTED_EDGE ( 'NONE', *, *, #190, .F. ) ;
#1515 = CARTESIAN_POINT ( 'NONE',  ( 0.000000000000000000, 150.8000000000000114, -30.32000000000000384 ) ) ;
#1516 = CARTESIAN_POINT ( 'NONE',  ( 75.55081942700407183, 78.73999999999999488, -29.62547077150487240 ) ) ;
#1517 = ADVANCED_FACE ( 'NONE', ( #1130 ), #1157, .F. ) ;
#1518 = DIRECTION ( 'NONE',  ( 0.9807852804032317628, 0.1950903220161215035, 0.000000000000000000 ) ) ;
#1519 = COLOUR_RGB ( '',0.7921568627450980005, 0.8196078431372548767, 0.9333333333333333481 ) ;
#1520 = CARTESIAN_POINT ( 'NONE',  ( -35.80314260332745135, 115.8913606776872740, -8.984999999999995879 ) ) ;
#1521 = EDGE_LOOP ( 'NONE', ( #1502, #1113 ) ) ;
#1522 = AXIS2_PLACEMENT_3D ( 'NONE', #1375, #36, #794 ) ;
#1523 = CARTESIAN_POINT ( 'NONE',  ( 0.000000000000000000, 1.710831578408851526E-15, -13.97000000000000064 ) ) ;
#1524 = ADVANCED_BREP_SHAPE_REPRESENTATION ( 'platter', ( #1605, #1190 ), #723 ) ;
#1525 = AXIS2_PLACEMENT_3D ( 'NONE', #1891, #1261, #383 ) ;
#1526 = EDGE_LOOP ( 'NONE', ( #492, #1228, #621, #438 ) ) ;
#1527 = CARTESIAN_POINT ( 'NONE',  ( 1.765413504725817928, 0.3511625796290184787, -29.32000000000001450 ) ) ;
#1528 = CIRCLE ( 'NONE', #678, 150.8000000000000114 ) ;
#1529 = DIRECTION ( 'NONE',  ( 0.1950903220161217533, -0.9807852804032317628, -1.201115554296656984E-16 ) ) ;
#1530 = CARTESIAN_POINT ( 'NONE',  ( 3.809999999999981846, 152.3523675562674100, -13.96999999999998110 ) ) ;
#1531 = EDGE_CURVE ( 'NONE', #1447, #937, #1631, .T. ) ;
#1532 = DIRECTION ( 'NONE',  ( 0.1951383847238072067, -0.9807757189120168695, 0.000000000000000000 ) ) ;
#1533 = EDGE_LOOP ( 'NONE', ( #1169, #610 ) ) ;
#1534 = LINE ( 'NONE', #1377, #927 ) ;
#1535 = ORIENTED_EDGE ( 'NONE', *, *, #431, .F. ) ;
#1536 = CARTESIAN_POINT ( 'NONE',  ( -8.008810113996347013, 40.25269814702083693, -8.984999999999986997 ) ) ;
#1537 = DIRECTION ( 'NONE',  ( 0.1951383847238061520, -0.9807757189120169805, 0.000000000000000000 ) ) ;
#1538 =( NAMED_UNIT ( * ) PLANE_ANGLE_UNIT ( ) SI_UNIT ( $, .RADIAN. ) );
#1539 = CARTESIAN_POINT ( 'NONE',  ( -24.51913804054627732, 123.2344690812949608, -8.984999999999995879 ) ) ;
#1540 = CARTESIAN_POINT ( 'NONE',  ( 0.000000000000000000, -150.8000000000000114, -13.97000000000001663 ) ) ;
#1541 = EDGE_CURVE ( 'NONE', #1341, #1410, #988, .T. ) ;
#1542 = EDGE_LOOP ( 'NONE', ( #1440, #722, #519, #1902 ) ) ;
#1543 = DIRECTION ( 'NONE',  ( 0.9807852804032318739, 0.1950903220161216145, 0.000000000000000000 ) ) ;
#1544 = ORIENTED_EDGE ( 'NONE', *, *, #1374, .T. ) ;
#1545 = PLANE ( 'NONE',  #591 ) ;
#1546 = EDGE_LOOP ( 'NONE', ( #1460, #1125, #1326, #115 ) ) ;
#1547 = CYLINDRICAL_SURFACE ( 'NONE', #962, 5.099999999999998757 ) ;
#1548 = VECTOR ( 'NONE', #971, 1000.000000000000114 ) ;
#1549 = CARTESIAN_POINT ( 'NONE',  ( 0.000000000000000000, 3.713129095014775183E-15, 9.540979117872439019E-15 ) ) ;
#1550 = CIRCLE ( 'NONE', #1362, 152.4000000000000057 ) ;
#1551 = ORIENTED_EDGE ( 'NONE', *, *, #754, .F. ) ;
#1552 = CIRCLE ( 'NONE', #642, 150.8000000000000114 ) ;
#1553 = ORIENTED_EDGE ( 'NONE', *, *, #690, .F. ) ;
#1554 = ORIENTED_EDGE ( 'NONE', *, *, #415, .T. ) ;
#1555 = AXIS2_PLACEMENT_3D ( 'NONE', #1770, #425, #1630 ) ;
#1556 = EDGE_CURVE ( 'NONE', #752, #1641, #1055, .T. ) ;
#1557 = VECTOR ( 'NONE', #785, 1000.000000000000114 ) ;
#1558 = FACE_OUTER_BOUND ( 'NONE', #1593, .T. ) ;
#1559 = CIRCLE ( 'NONE', #714, 4.000000000000012434 ) ;
#1560 = FACE_OUTER_BOUND ( 'NONE', #219, .T. ) ;
#1561 = DIRECTION ( 'NONE',  ( 0.000000000000000000, -1.000000000000000000, 0.000000000000000000 ) ) ;
#1562 = EDGE_LOOP ( 'NONE', ( #901, #1667, #19, #828 ) ) ;
#1563 = DIRECTION ( 'NONE',  ( 0.1951383847238061242, -0.9807757189120170915, 0.000000000000000000 ) ) ;
#1564 = ORIENTED_EDGE ( 'NONE', *, *, #165, .T. ) ;
#1565 = DIRECTION ( 'NONE',  ( 0.000000000000000000, 0.000000000000000000, -1.000000000000000000 ) ) ;
#1566 = EDGE_CURVE ( 'NONE', #1729, #789, #1568, .T. ) ;
#1567 = LINE ( 'NONE', #1573, #1626 ) ;
#1568 = LINE ( 'NONE', #1001, #1548 ) ;
#1569 = CARTESIAN_POINT ( 'NONE',  ( 0.000000000000000000, -150.8000000000000114, -13.97000000000001663 ) ) ;
#1570 = ORIENTED_EDGE ( 'NONE', *, *, #157, .T. ) ;
#1571 = CARTESIAN_POINT ( 'NONE',  ( -16.37211047832735744, 82.28708281671822533, -8.984999999999981668 ) ) ;
#1572 = VERTEX_POINT ( 'NONE', #1590 ) ;
#1573 = CARTESIAN_POINT ( 'NONE',  ( 139.2972102375509564, 61.82270796427100379, -448.8875689154510269 ) ) ;
#1574 = DIRECTION ( 'NONE',  ( -0.000000000000000000, 1.224646799147352714E-16, -1.000000000000000000 ) ) ;
#1575 = EDGE_CURVE ( 'NONE', #981, #1327, #1424, .T. ) ;
#1576 = LINE ( 'NONE', #868, #1735 ) ;
#1577 = EDGE_CURVE ( 'NONE', #1416, #480, #1576, .T. ) ;
#1578 = EDGE_CURVE ( 'NONE', #953, #452, #254, .T. ) ;
#1579 = CARTESIAN_POINT ( 'NONE',  ( 0.000000000000000000, -152.4000000000000057, -6.350000000000020961 ) ) ;
#1580 = VERTEX_POINT ( 'NONE', #1168 ) ;
#1581 = FACE_BOUND ( 'NONE', #871, .T. ) ;
#1582 = CARTESIAN_POINT ( 'NONE',  ( 109.4556372930006631, 21.77207993699918731, -30.32000000000000384 ) ) ;
#1583 = ORIENTED_EDGE ( 'NONE', *, *, #165, .F. ) ;
#1584 = VECTOR ( 'NONE', #913, 1000.000000000000000 ) ;
#1585 = CIRCLE ( 'NONE', #1305, 150.8000000000000114 ) ;
#1586 = EDGE_LOOP ( 'NONE', ( #408, #529, #444, #804 ) ) ;
#1587 = DIRECTION ( 'NONE',  ( 1.000000000000000000, 0.000000000000000000, 0.000000000000000000 ) ) ;
#1588 = DIRECTION ( 'NONE',  ( 0.1951383847238063463, -0.9807757189120170915, 0.000000000000000000 ) ) ;
#1589 = VECTOR ( 'NONE', #1415, 1000.000000000000114 ) ;
#1590 = CARTESIAN_POINT ( 'NONE',  ( 105.0353153925327803, 110.4234690651909006, -13.96999999999998288 ) ) ;
#1591 = AXIS2_PLACEMENT_3D ( 'NONE', #317, #1170, #554 ) ;
#1592 = DIRECTION ( 'NONE',  ( 0.1950903220161217533, -0.9807852804032317628, -1.665334536937734811E-16 ) ) ;
#1593 = EDGE_LOOP ( 'NONE', ( #1384, #635, #199, #844 ) ) ;
#1594 = EDGE_CURVE ( 'NONE', #1327, #1078, #705, .T. ) ;
#1595 = DIRECTION ( 'NONE',  ( 0.1950903220161217533, -0.9807852804032317628, -1.201115554296656984E-16 ) ) ;
#1596 = CARTESIAN_POINT ( 'NONE',  ( 0.000000000000000000, 150.8000000000000114, -6.349999999999983658 ) ) ;
#1597 = ORIENTED_EDGE ( 'NONE', *, *, #890, .T. ) ;
#1598 = ORIENTED_EDGE ( 'NONE', *, *, #838, .F. ) ;
#1599 = DIRECTION ( 'NONE',  ( 0.3826834323650905034, 0.9238795325112865164, 1.131426112287699521E-16 ) ) ;
#1600 = DIRECTION ( 'NONE',  ( -0.000000000000000000, -0.000000000000000000, 1.000000000000000000 ) ) ;
#1601 = DIRECTION ( 'NONE',  ( -0.000000000000000000, 1.224646799147352714E-16, -1.000000000000000000 ) ) ;
#1602 = CARTESIAN_POINT ( 'NONE',  ( 78.74000000000000909, 78.73999999999999488, -29.32000000000001450 ) ) ;
#1603 = ORIENTED_EDGE ( 'NONE', *, *, #211, .F. ) ;
#1604 = B_SPLINE_CURVE_WITH_KNOTS ( 'NONE', 3,
 ( #991, #360, #224, #114 ),
 .UNSPECIFIED., .F., .F.,
 ( 4, 4 ),
 ( 7.071442360259566148E-07, 0.004832863222154929611 ),
 .UNSPECIFIED. ) ;
#1605 = MANIFOLD_SOLID_BREP ( 'Fillet2', #1079 ) ;
#1606 = DIRECTION ( 'NONE',  ( 0.1950903220161217255, -0.9807852804032316518, -1.201115554296656984E-16 ) ) ;
#1607 = EDGE_CURVE ( 'NONE', #943, #426, #1832, .T. ) ;
#1608 = CARTESIAN_POINT ( 'NONE',  ( 0.000000000000000000, 3.713129095014775971E-15, -30.32000000000002160 ) ) ;
#1609 = ORIENTED_EDGE ( 'NONE', *, *, #1332, .T. ) ;
#1610 = ORIENTED_EDGE ( 'NONE', *, *, #1829, .T. ) ;
#1611 = LINE ( 'NONE', #1155, #1211 ) ;
#1612 = DIRECTION ( 'NONE',  ( 0.3826834323650925018, 0.9238795325112855172, 1.131426112287698289E-16 ) ) ;
#1613 = CARTESIAN_POINT ( 'NONE',  ( -29.40727670832981389, 88.86997286260263706, -8.984999999999981668 ) ) ;
#1614 = ORIENTED_EDGE ( 'NONE', *, *, #1087, .F. ) ;
#1615 = DIRECTION ( 'NONE',  ( 0.000000000000000000, 1.000000000000000000, 1.265381845871676289E-16 ) ) ;
#1616 = CARTESIAN_POINT ( 'NONE',  ( -6.870438914208130449E-16, 3.454002888163797255E-15, -29.32000000000001450 ) ) ;
#1617 = EDGE_LOOP ( 'NONE', ( #664, #1483, #1153, #1075 ) ) ;
#1618 = ORIENTED_EDGE ( 'NONE', *, *, #586, .T. ) ;
#1619 = CIRCLE ( 'NONE', #326, 88.90000000000000568 ) ;
#1620 = ADVANCED_FACE ( 'NONE', ( #447 ), #550, .T. ) ;
#1621 = DIRECTION ( 'NONE',  ( 0.1951383847238061242, -0.9807757189120170915, 0.000000000000000000 ) ) ;
#1622 = EDGE_CURVE ( 'NONE', #429, #541, #1637, .T. ) ;
#1623 = CARTESIAN_POINT ( 'NONE',  ( 137.8185359232707299, 61.21022100896338003, -6.349999999999993427 ) ) ;
#1624 = PRESENTATION_STYLE_ASSIGNMENT (( #242 ) ) ;
#1625 = VECTOR ( 'NONE', #1873, 1000.000000000000000 ) ;
#1626 = VECTOR ( 'NONE', #692, 1000.000000000000000 ) ;
#1627 = ORIENTED_EDGE ( 'NONE', *, *, #15, .F. ) ;
#1628 = FACE_OUTER_BOUND ( 'NONE', #1199, .T. ) ;
#1629 = VECTOR ( 'NONE', #54, 1000.000000000000000 ) ;
#1630 = DIRECTION ( 'NONE',  ( 0.000000000000000000, 1.000000000000000000, 1.138269997360109674E-16 ) ) ;
#1631 = CIRCLE ( 'NONE', #463, 5.099999999999998757 ) ;
#1632 = ORIENTED_EDGE ( 'NONE', *, *, #1266, .T. ) ;
#1633 = VERTEX_POINT ( 'NONE', #581 ) ;
#1634 = LINE ( 'NONE', #14, #152 ) ;
#1635 = LINE ( 'NONE', #1336, #784 ) ;
#1636 = EDGE_CURVE ( 'NONE', #1323, #1210, #453, .T. ) ;
#1637 = LINE ( 'NONE', #286, #898 ) ;
#1638 = AXIS2_PLACEMENT_3D ( 'NONE', #571, #1766, #1477 ) ;
#1639 = DIRECTION ( 'NONE',  ( -0.9807757189120169805, -0.1951383847238063740, -2.389755982427951941E-17 ) ) ;
#1640 = EDGE_LOOP ( 'NONE', ( #1535, #1825, #1849, #169 ) ) ;
#1641 = VERTEX_POINT ( 'NONE', #1478 ) ;
#1642 = CARTESIAN_POINT ( 'NONE',  ( 73.95576755443974548, 78.73999999999999488, -29.32000000000001450 ) ) ;
#1643 = CARTESIAN_POINT ( 'NONE',  ( 87.19181142784732685, 17.34352962723323088, -23.97000000000000597 ) ) ;
#1644 = EDGE_CURVE ( 'NONE', #413, #251, #1790, .T. ) ;
#1645 = ADVANCED_FACE ( 'NONE', ( #160 ), #1511, .T. ) ;
#1646 = ADVANCED_FACE ( 'NONE', ( #1033 ), #1105, .T. ) ;
#1647 = FACE_OUTER_BOUND ( 'NONE', #479, .T. ) ;
#1648 = VERTEX_POINT ( 'NONE', #441 ) ;
#1649 = ORIENTED_EDGE ( 'NONE', *, *, #1656, .F. ) ;
#1650 = DIRECTION ( 'NONE',  ( 0.1950903220161217533, -0.9807852804032317628, -1.665334536937734811E-16 ) ) ;
#1651 = DIRECTION ( 'NONE',  ( -0.9807852804032316518, -0.1950903220161216978, 0.000000000000000000 ) ) ;
#1652 = CIRCLE ( 'NONE', #149, 5.099999999999984546 ) ;
#1653 = CIRCLE ( 'NONE', #1146, 5.099999999999984546 ) ;
#1654 = VECTOR ( 'NONE', #745, 1000.000000000000000 ) ;
#1655 = FACE_OUTER_BOUND ( 'NONE', #129, .T. ) ;
#1656 = EDGE_CURVE ( 'NONE', #284, #937, #1778, .T. ) ;
#1657 = ORIENTED_EDGE ( 'NONE', *, *, #1636, .T. ) ;
#1658 = VECTOR ( 'NONE', #1187, 1000.000000000000000 ) ;
#1659 = VECTOR ( 'NONE', #1057, 1000.000000000000000 ) ;
#1660 = EDGE_LOOP ( 'NONE', ( #1728, #1302 ) ) ;
#1661 = LINE ( 'NONE', #1787, #237 ) ;
#1662 = CYLINDRICAL_SURFACE ( 'NONE', #282, 150.8000000000000114 ) ;
#1663 = CARTESIAN_POINT ( 'NONE',  ( 79.71215940818612467, 28.80454204607204716, -8.985000000000001208 ) ) ;
#1664 = FACE_OUTER_BOUND ( 'NONE', #1800, .T. ) ;
#1665 = EDGE_LOOP ( 'NONE', ( #495, #466, #726, #352 ) ) ;
#1666 = EDGE_CURVE ( 'NONE', #998, #1648, #298, .T. ) ;
#1667 = ORIENTED_EDGE ( 'NONE', *, *, #1575, .F. ) ;
#1668 = CARTESIAN_POINT ( 'NONE',  ( 0.000000000000000000, 152.4000000000000057, 3.601085197877372898E-14 ) ) ;
#1669 = CARTESIAN_POINT ( 'NONE',  ( 84.71416433824261105, 29.79950268835426641, -8.985000000000001208 ) ) ;
#1670 = CARTESIAN_POINT ( 'NONE',  ( 0.000000000000000000, 3.713129095014775971E-15, -30.32000000000002160 ) ) ;
#1671 = ORIENTED_EDGE ( 'NONE', *, *, #653, .T. ) ;
#1672 = DIRECTION ( 'NONE',  ( -0.000000000000000000, 1.224646799147352714E-16, -1.000000000000000000 ) ) ;
#1673 = ORIENTED_EDGE ( 'NONE', *, *, #1499, .F. ) ;
#1674 = CARTESIAN_POINT ( 'NONE',  ( 0.000000000000000000, -1.142816954388334775E-30, 9.331808609502827440E-15 ) ) ;
#1675 = EDGE_CURVE ( 'NONE', #40, #1572, #1354, .T. ) ;
#1676 = EDGE_CURVE ( 'NONE', #225, #1899, #312, .T. ) ;
#1677 = DIRECTION ( 'NONE',  ( -0.9238795325112865164, -0.3826834323650905034, 0.000000000000000000 ) ) ;
#1678 = DIRECTION ( 'NONE',  ( -0.000000000000000000, 1.224646799147352714E-16, -1.000000000000000000 ) ) ;
#1679 = CIRCLE ( 'NONE', #1777, 4.999999999999996447 ) ;
#1680 = DIRECTION ( 'NONE',  ( -0.1951383847238072067, 0.9807757189120168695, 0.000000000000000000 ) ) ;
#1681 = ORIENTED_EDGE ( 'NONE', *, *, #499, .T. ) ;
#1682 = AXIS2_PLACEMENT_3D ( 'NONE', #1024, #1639, #1197 ) ;
#1683 = EDGE_LOOP ( 'NONE', ( #544, #1357, #46, #1657 ) ) ;
#1684 = CIRCLE ( 'NONE', #1110, 1.000000000000000888 ) ;
#1685 = EDGE_LOOP ( 'NONE', ( #1036, #1442, #780, #259 ) ) ;
#1686 = CARTESIAN_POINT ( 'NONE',  ( -3.810000000000018261, 152.3523675562674100, -448.8875689154510269 ) ) ;
#1687 = AXIS2_PLACEMENT_3D ( 'NONE', #116, #435, #1921 ) ;
#1688 = CARTESIAN_POINT ( 'NONE',  ( 9.444526628902856971E-32, 3.713129095014775183E-15, -30.32000000000001450 ) ) ;
#1689 = EDGE_CURVE ( 'NONE', #1104, #935, #1486, .T. ) ;
#1690 = CARTESIAN_POINT ( 'NONE',  ( 149.4716767334525400, 29.73176507525695911, 2.098832585300951773E-14 ) ) ;
#1691 = VERTEX_POINT ( 'NONE', #1 ) ;
#1692 = CARTESIAN_POINT ( 'NONE',  ( 103.9035870686550851, 109.2917407413132196, -13.96999999999998643 ) ) ;
#1693 = EDGE_LOOP ( 'NONE', ( #524, #1452, #481, #1699 ) ) ;
#1694 = DIRECTION ( 'NONE',  ( -0.000000000000000000, 1.224646799147352714E-16, -1.000000000000000000 ) ) ;
#1695 = DIRECTION ( 'NONE',  ( 0.000000000000000000, 1.000000000000000000, 1.252096997096120642E-16 ) ) ;
#1696 = DIRECTION ( 'NONE',  ( -0.000000000000000000, 1.224646799147352714E-16, -1.000000000000000000 ) ) ;
#1697 = CYLINDRICAL_SURFACE ( 'NONE', #128, 4.999999999999996447 ) ;
#1698 = EDGE_CURVE ( 'NONE', #1259, #984, #1619, .T. ) ;
#1699 = ORIENTED_EDGE ( 'NONE', *, *, #244, .T. ) ;
#1700 = EDGE_CURVE ( 'NONE', #1323, #168, #166, .T. ) ;
#1701 = CYLINDRICAL_SURFACE ( 'NONE', #487, 5.000000000000010658 ) ;
#1702 = ORIENTED_EDGE ( 'NONE', *, *, #1842, .T. ) ;
#1703 = DIRECTION ( 'NONE',  ( -0.1951383847238072067, 0.9807757189120168695, 0.000000000000000000 ) ) ;
#1704 = CARTESIAN_POINT ( 'NONE',  ( 3.809999999999981846, 0.000000000000000000, -448.8875689154510269 ) ) ;
#1705 = LINE ( 'NONE', #1512, #1023 ) ;
#1706 = VECTOR ( 'NONE', #749, 1000.000000000000114 ) ;
#1707 = ORIENTED_EDGE ( 'NONE', *, *, #365, .T. ) ;
#1708 = AXIS2_PLACEMENT_3D ( 'NONE', #995, #1279, #1753 ) ;
#1709 = ADVANCED_FACE ( 'NONE', ( #459 ), #375, .T. ) ;
#1710 = CARTESIAN_POINT ( 'NONE',  ( 118.3317440806499263, 23.53764735124507723, -8.984999999999990550 ) ) ;
#1711 = ORIENTED_EDGE ( 'NONE', *, *, #616, .F. ) ;
#1712 = CIRCLE ( 'NONE', #175, 3.999999999999997335 ) ;
#1713 = VECTOR ( 'NONE', #546, 1000.000000000000000 ) ;
#1714 = CARTESIAN_POINT ( 'NONE',  ( -29.16047754621889965, -5.800379622639573185, -17.97000000000000597 ) ) ;
#1715 = AXIS2_PLACEMENT_3D ( 'NONE', #1536, #1213, #193 ) ;
#1716 = VECTOR ( 'NONE', #1758, 1000.000000000000000 ) ;
#1717 = CARTESIAN_POINT ( 'NONE',  ( 0.000000000000000000, 88.90000000000001990, -23.96999999999999886 ) ) ;
#1718 = ORIENTED_EDGE ( 'NONE', *, *, #211, .T. ) ;
#1719 = CARTESIAN_POINT ( 'NONE',  ( 3.809999999999981846, -152.4000000000000057, -6.350000000000020961 ) ) ;
#1720 = ORIENTED_EDGE ( 'NONE', *, *, #535, .T. ) ;
#1721 = EDGE_CURVE ( 'NONE', #1648, #1469, #1550, .T. ) ;
#1722 = FACE_OUTER_BOUND ( 'NONE', #208, .T. ) ;
#1723 = CARTESIAN_POINT ( 'NONE',  ( 3.809999999999981846, 150.7518620117178045, -30.32000000000000384 ) ) ;
#1724 = FACE_OUTER_BOUND ( 'NONE', #1220, .T. ) ;
#1725 = EDGE_LOOP ( 'NONE', ( #849, #1784, #595, #217 ) ) ;
#1726 = DIRECTION ( 'NONE',  ( 0.9807757189120169805, 0.1951383847238063740, 2.389755982427951941E-17 ) ) ;
#1727 = DIRECTION ( 'NONE',  ( 0.1950903220161217533, -0.9807852804032317628, -1.665334536937734811E-16 ) ) ;
#1728 = ORIENTED_EDGE ( 'NONE', *, *, #52, .F. ) ;
#1729 = VERTEX_POINT ( 'NONE', #1904 ) ;
#1730 = FACE_OUTER_BOUND ( 'NONE', #1238, .T. ) ;
#1731 = DIRECTION ( 'NONE',  ( -0.1951383847238061242, 0.9807757189120170915, 0.000000000000000000 ) ) ;
#1732 = LINE ( 'NONE', #1307, #778 ) ;
#1733 = LINE ( 'NONE', #972, #1180 ) ;
#1734 = ORIENTED_EDGE ( 'NONE', *, *, #864, .T. ) ;
#1735 = VECTOR ( 'NONE', #1601, 1000.000000000000000 ) ;
#1736 = DIRECTION ( 'NONE',  ( 0.000000000000000000, -1.000000000000000000, -1.224646799147352714E-16 ) ) ;
#1737 = VECTOR ( 'NONE', #1337, 1000.000000000000114 ) ;
#1738 = CARTESIAN_POINT ( 'NONE',  ( -20.26850660039655594, 37.81346833797325502, -8.984999999999986997 ) ) ;
#1739 = ORIENTED_EDGE ( 'NONE', *, *, #742, .T. ) ;
#1740 = CIRCLE ( 'NONE', #1638, 5.099999999999998757 ) ;
#1741 = CIRCLE ( 'NONE', #1804, 108.0251968503937263 ) ;
#1742 = VERTEX_POINT ( 'NONE', #703 ) ;
#1743 = PLANE ( 'NONE',  #490 ) ;
#1744 = DIRECTION ( 'NONE',  ( -0.000000000000000000, 1.224646799147352714E-16, -1.000000000000000000 ) ) ;
#1745 = AXIS2_PLACEMENT_3D ( 'NONE', #1549, #333, #470 ) ;
#1746 = AXIS2_PLACEMENT_3D ( 'NONE', #959, #213, #1695 ) ;
#1747 = DIRECTION ( 'NONE',  ( 0.000000000000000000, 1.000000000000000000, 1.243529373460076734E-16 ) ) ;
#1748 = EDGE_CURVE ( 'NONE', #503, #1345, #263, .T. ) ;
#1749 = AXIS2_PLACEMENT_3D ( 'NONE', #622, #650, #201 ) ;
#1750 = DIRECTION ( 'NONE',  ( -0.000000000000000000, 1.224646799147352714E-16, -1.000000000000000000 ) ) ;
#1751 = ORIENTED_EDGE ( 'NONE', *, *, #881, .T. ) ;
#1752 = CARTESIAN_POINT ( 'NONE',  ( 110.8520920609887099, 34.99865977008390416, -8.984999999999988773 ) ) ;
#1753 = DIRECTION ( 'NONE',  ( 0.9807852804032317628, 0.1950903220161218921, 0.000000000000000000 ) ) ;
#1754 = ORIENTED_EDGE ( 'NONE', *, *, #1083, .F. ) ;
#1755 = ORIENTED_EDGE ( 'NONE', *, *, #64, .T. ) ;
#1756 = DIRECTION ( 'NONE',  ( 2.436597823892836014E-17, -4.294461210689260592E-33, -1.000000000000000000 ) ) ;
#1757 = CARTESIAN_POINT ( 'NONE',  ( 0.000000000000000000, 3.713129095014775183E-15, -30.32000000000001450 ) ) ;
#1758 = DIRECTION ( 'NONE',  ( 0.000000000000000000, -1.224646799147352714E-16, 1.000000000000000000 ) ) ;
#1759 = VERTEX_POINT ( 'NONE', #1882 ) ;
#1760 = CARTESIAN_POINT ( 'NONE',  ( 0.000000000000000000, -152.4000000000000057, -6.350000000000020961 ) ) ;
#1761 = CARTESIAN_POINT ( 'NONE',  ( 109.2917407412970192, 103.9035870686721239, -13.96999999999998643 ) ) ;
#1762 = EDGE_CURVE ( 'NONE', #7, #1895, #1463, .T. ) ;
#1763 = ORIENTED_EDGE ( 'NONE', *, *, #1374, .F. ) ;
#1764 = ORIENTED_EDGE ( 'NONE', *, *, #1676, .T. ) ;
#1765 = DIRECTION ( 'NONE',  ( 0.000000000000000000, 1.000000000000000000, 1.207864489241145538E-16 ) ) ;
#1766 = DIRECTION ( 'NONE',  ( 0.1950903220161217533, -0.9807852804032317628, -1.201115554296656984E-16 ) ) ;
#1767 = FILL_AREA_STYLE_COLOUR ( '', #1519 ) ;
#1768 = ORIENTED_EDGE ( 'NONE', *, *, #485, .T. ) ;
#1769 = CARTESIAN_POINT ( 'NONE',  ( 1.765413504725817928, 0.3511625796290184787, 6.679999999999964189 ) ) ;
#1770 = CARTESIAN_POINT ( 'NONE',  ( 0.000000000000000000, 3.713129095014775971E-15, -30.32000000000002160 ) ) ;
#1771 = VERTEX_POINT ( 'NONE', #846 ) ;
#1772 = EDGE_CURVE ( 'NONE', #666, #1793, #1465, .T. ) ;
#1773 = EDGE_LOOP ( 'NONE', ( #1720, #290 ) ) ;
#1774 = AXIS2_PLACEMENT_3D ( 'NONE', #1156, #384, #1588 ) ;
#1775 = DIRECTION ( 'NONE',  ( -0.9807757189120169805, -0.1951383847238063740, -2.389755982427951941E-17 ) ) ;
#1776 = DIRECTION ( 'NONE',  ( 0.000000000000000000, 1.000000000000000000, 1.150347132610614786E-16 ) ) ;
#1777 = AXIS2_PLACEMENT_3D ( 'NONE', #1004, #1438, #85 ) ;
#1778 = LINE ( 'NONE', #1663, #1737 ) ;
#1779 = TOROIDAL_SURFACE ( 'NONE', #613, 3.999999999999994671, 1.000000000000000000 ) ;
#1780 = AXIS2_PLACEMENT_3D ( 'NONE', #702, #1009, #1128 ) ;
#1781 = FACE_BOUND ( 'NONE', #139, .T. ) ;
#1782 = CIRCLE ( 'NONE', #1715, 4.999999999999996447 ) ;
#1783 = PLANE ( 'NONE',  #710 ) ;
#1784 = ORIENTED_EDGE ( 'NONE', *, *, #1219, .T. ) ;
#1785 = ORIENTED_EDGE ( 'NONE', *, *, #222, .F. ) ;
#1786 = EDGE_CURVE ( 'NONE', #1043, #998, #229, .T. ) ;
#1787 = CARTESIAN_POINT ( 'NONE',  ( 105.0353153925327803, 110.4234690651909006, -448.8875689154510269 ) ) ;
#1788 = ADVANCED_FACE ( 'NONE', ( #1429 ), #91, .T. ) ;
#1789 = EDGE_CURVE ( 'NONE', #1165, #1376, #401, .T. ) ;
#1790 = LINE ( 'NONE', #150, #1137 ) ;
#1791 = DIRECTION ( 'NONE',  ( -0.000000000000000000, 1.224646799147352714E-16, -1.000000000000000000 ) ) ;
#1792 = PLANE ( 'NONE',  #961 ) ;
#1793 = VERTEX_POINT ( 'NONE', #1623 ) ;
#1794 = ORIENTED_EDGE ( 'NONE', *, *, #244, .F. ) ;
#1795 = FACE_OUTER_BOUND ( 'NONE', #1436, .T. ) ;
#1796 = DIRECTION ( 'NONE',  ( -0.000000000000000000, 1.224646799147352714E-16, -1.000000000000000000 ) ) ;
#1797 = EDGE_CURVE ( 'NONE', #409, #1507, #1494, .T. ) ;
#1798 = PLANE ( 'NONE',  #770 ) ;
#1799 = ORIENTED_EDGE ( 'NONE', *, *, #1353, .F. ) ;
#1800 = EDGE_LOOP ( 'NONE', ( #685, #1281, #508, #18, #1888 ) ) ;
#1801 = CARTESIAN_POINT ( 'NONE',  ( 110.4234690651747002, 105.0353153925498191, -6.349999999999991651 ) ) ;
#1802 = CARTESIAN_POINT ( 'NONE',  ( 78.74000000000000909, 78.73999999999999488, -29.32000000000001450 ) ) ;
#1803 = DIRECTION ( 'NONE',  ( -0.000000000000000000, 1.224646799147352714E-16, -1.000000000000000000 ) ) ;
#1804 = AXIS2_PLACEMENT_3D ( 'NONE', #1417, #1163, #676 ) ;
#1805 = AXIS2_PLACEMENT_3D ( 'NONE', #732, #1035, #1489 ) ;
#1806 = EDGE_CURVE ( 'NONE', #1135, #1280, #693, .T. ) ;
#1807 = CARTESIAN_POINT ( 'NONE',  ( 3.836838942991786739E-32, -1.100347846493838425E-16, 0.8985022026431963571 ) ) ;
#1808 = VECTOR ( 'NONE', #1703, 1000.000000000000000 ) ;
#1809 = CARTESIAN_POINT ( 'NONE',  ( 79.71215940818612467, 28.80454204607204716, -8.985000000000001208 ) ) ;
#1810 = ORIENTED_EDGE ( 'NONE', *, *, #1290, .F. ) ;
#1811 = CIRCLE ( 'NONE', #933, 5.000000000000010658 ) ;
#1812 = CIRCLE ( 'NONE', #1371, 1.000000000000000888 ) ;
#1813 = EDGE_LOOP ( 'NONE', ( #1785, #156 ) ) ;
#1814 = CARTESIAN_POINT ( 'NONE',  ( -78.89407683632880719, -73.50592316367159640, -6.350000000000011191 ) ) ;
#1815 = DIRECTION ( 'NONE',  ( 0.9807852804032318739, 0.1950903220161216145, 0.000000000000000000 ) ) ;
#1816 = DIRECTION ( 'NONE',  ( 0.9807757189120169805, 0.1951383847238064018, 2.389755982427951941E-17 ) ) ;
#1817 = EDGE_LOOP ( 'NONE', ( #207, #875, #651, #417 ) ) ;
#1818 = PRODUCT_RELATED_PRODUCT_CATEGORY ( 'part', '', ( #1852 ) ) ;
#1819 = FACE_OUTER_BOUND ( 'NONE', #362, .T. ) ;
#1820 = ORIENTED_EDGE ( 'NONE', *, *, #1435, .F. ) ;
#1821 = CARTESIAN_POINT ( 'NONE',  ( 0.000000000000000000, 7.776507174585696107E-16, -6.350000000000004974 ) ) ;
#1822 = CARTESIAN_POINT ( 'NONE',  ( 0.000000000000000000, 3.713129095014775183E-15, -30.32000000000001450 ) ) ;
#1823 = DIRECTION ( 'NONE',  ( 0.7071067811865483499, 0.7071067811865465735, 8.659560562354918067E-17 ) ) ;
#1824 = CARTESIAN_POINT ( 'NONE',  ( 0.000000000000000000, 152.4000000000000057, -13.96999999999998110 ) ) ;
#1825 = ORIENTED_EDGE ( 'NONE', *, *, #1414, .T. ) ;
#1826 = DIRECTION ( 'NONE',  ( 0.9807757189120169805, 0.1951383847238064018, 2.389755982427951941E-17 ) ) ;
#1827 = ORIENTED_EDGE ( 'NONE', *, *, #1577, .F. ) ;
#1828 = FACE_OUTER_BOUND ( 'NONE', #767, .T. ) ;
#1829 = EDGE_CURVE ( 'NONE', #49, #1280, #609, .T. ) ;
#1830 = CYLINDRICAL_SURFACE ( 'NONE', #643, 5.000000000000011546 ) ;
#1831 = CARTESIAN_POINT ( 'NONE',  ( -0.3512490925028538546, 1.765396294041633674, -29.32000000000001450 ) ) ;
#1832 = CIRCLE ( 'NONE', #1020, 152.4000000000000057 ) ;
#1833 = AXIS2_PLACEMENT_3D ( 'NONE', #1230, #322, #936 ) ;
#1834 = CARTESIAN_POINT ( 'NONE',  ( -3.810000000000000941, -4.364088506243564723E-16, -448.8875689154510269 ) ) ;
#1835 = ORIENTED_EDGE ( 'NONE', *, *, #564, .F. ) ;
#1836 = VECTOR ( 'NONE', #1884, 1000.000000000000000 ) ;
#1837 = CARTESIAN_POINT ( 'NONE',  ( -30.38805242724183131, 88.67483447787883222, -8.984999999999981668 ) ) ;
#1838 = CIRCLE ( 'NONE', #304, 1.000000000000000888 ) ;
#1839 = ORIENTED_EDGE ( 'NONE', *, *, #111, .T. ) ;
#1840 = LINE ( 'NONE', #1814, #240 ) ;
#1841 = AXIS2_PLACEMENT_3D ( 'NONE', #617, #775, #143 ) ;
#1842 = EDGE_CURVE ( 'NONE', #1323, #1291, #1427, .T. ) ;
#1843 = DIRECTION ( 'NONE',  ( -0.1951383847238067903, 0.9807757189120169805, 0.000000000000000000 ) ) ;
#1844 = ADVANCED_FACE ( 'NONE', ( #1294 ), #1892, .T. ) ;
#1845 = ADVANCED_FACE ( 'NONE', ( #1010 ), #718, .F. ) ;
#1846 = CARTESIAN_POINT ( 'NONE',  ( 78.74000000000000909, 78.73999999999999488, -30.32000000000001450 ) ) ;
#1847 = ORIENTED_EDGE ( 'NONE', *, *, #1698, .T. ) ;
#1848 = DIRECTION ( 'NONE',  ( -1.000000000000000000, 0.000000000000000000, 0.000000000000000000 ) ) ;
#1849 = ORIENTED_EDGE ( 'NONE', *, *, #1676, .F. ) ;
#1850 = ORIENTED_EDGE ( 'NONE', *, *, #174, .T. ) ;
#1851 = FACE_OUTER_BOUND ( 'NONE', #1546, .T. ) ;
#1852 = PRODUCT ( 'platter', 'platter', '', ( #632 ) ) ;
#1853 = FACE_OUTER_BOUND ( 'NONE', #454, .T. ) ;
#1854 = EDGE_CURVE ( 'NONE', #649, #1729, #1740, .T. ) ;
#1855 = CARTESIAN_POINT ( 'NONE',  ( -21.77744373517688103, 109.4545702305810693, -30.31999999999999673 ) ) ;
#1856 = ORIENTED_EDGE ( 'NONE', *, *, #1566, .F. ) ;
#1857 = ORIENTED_EDGE ( 'NONE', *, *, #1255, .F. ) ;
#1858 = ORIENTED_EDGE ( 'NONE', *, *, #47, .T. ) ;
#1859 = CYLINDRICAL_SURFACE ( 'NONE', #1525, 1.800000000000000044 ) ;
#1860 = CARTESIAN_POINT ( 'NONE',  ( 6.872064529435278992E-16, 1.367288714569073550E-16, -29.32000000000001450 ) ) ;
#1861 = DIRECTION ( 'NONE',  ( 0.1950903220161217255, -0.9807852804032316518, -1.201115554296656984E-16 ) ) ;
#1862 = ADVANCED_FACE ( 'NONE', ( #1167 ), #420, .F. ) ;
#1863 = AXIS2_PLACEMENT_3D ( 'NONE', #832, #857, #719 ) ;
#1864 = ORIENTED_EDGE ( 'NONE', *, *, #1101, .F. ) ;
#1865 = LINE ( 'NONE', #1616, #1363 ) ;
#1866 = ORIENTED_EDGE ( 'NONE', *, *, #881, .F. ) ;
#1867 = CIRCLE ( 'NONE', #929, 150.8000000000000114 ) ;
#1868 = VECTOR ( 'NONE', #1925, 1000.000000000000000 ) ;
#1869 = CARTESIAN_POINT ( 'NONE',  ( -56.83583232033662824, -127.2578274241534189, -13.97000000000001307 ) ) ;
#1870 = APPLICATION_PROTOCOL_DEFINITION ( 'draft international standard', 'automotive_design', 1998, #283 ) ;
#1871 = AXIS2_PLACEMENT_3D ( 'NONE', #1883, #79, #113 ) ;
#1872 = CARTESIAN_POINT ( 'NONE',  ( 87.19181142784731264, 17.34352962723322733, -30.32000000000001805 ) ) ;
#1873 = DIRECTION ( 'NONE',  ( 0.000000000000000000, -1.000000000000000000, -1.224646799147352714E-16 ) ) ;
#1874 = ORIENTED_EDGE ( 'NONE', *, *, #1797, .F. ) ;
#1875 = FACE_OUTER_BOUND ( 'NONE', #132, .T. ) ;
#1876 = DIRECTION ( 'NONE',  ( 0.1950903220161217533, -0.9807852804032317628, -1.665334536937734811E-16 ) ) ;
#1877 = CIRCLE ( 'NONE', #1034, 152.4000000000000057 ) ;
#1878 = ORIENTED_EDGE ( 'NONE', *, *, #1233, .F. ) ;
#1879 = EDGE_CURVE ( 'NONE', #1077, #903, #682, .T. ) ;
#1880 = EDGE_LOOP ( 'NONE', ( #715, #265 ) ) ;
#1881 = CARTESIAN_POINT ( 'NONE',  ( -35.80314260332745135, 115.8913606776872740, -8.984999999999995879 ) ) ;
#1882 = CARTESIAN_POINT ( 'NONE',  ( -19.48795306150133300, 33.89036546232519242, -8.984999999999986997 ) ) ;
#1883 = CARTESIAN_POINT ( 'NONE',  ( 0.000000000000000000, 2.935478377556205572E-15, -23.97000000000000952 ) ) ;
#1884 = DIRECTION ( 'NONE',  ( 3.140727304561382554E-33, 1.224646799147352714E-16, -1.000000000000000000 ) ) ;
#1885 = ORIENTED_EDGE ( 'NONE', *, *, #1556, .T. ) ;
#1886 = FACE_OUTER_BOUND ( 'NONE', #1542, .T. ) ;
#1887 = FACE_OUTER_BOUND ( 'NONE', #1817, .T. ) ;
#1888 = ORIENTED_EDGE ( 'NONE', *, *, #1879, .T. ) ;
#1889 = ORIENTED_EDGE ( 'NONE', *, *, #1243, .T. ) ;
#1890 = ADVANCED_FACE ( 'NONE', ( #33 ), #1201, .F. ) ;
#1891 = CARTESIAN_POINT ( 'NONE',  ( 0.000000000000000000, 3.713129095014775183E-15, 6.679999999999964189 ) ) ;
#1892 = PLANE ( 'NONE',  #80 ) ;
#1893 = DIRECTION ( 'NONE',  ( 0.1950903220161217533, -0.9807852804032317628, -1.665334536937734811E-16 ) ) ;
#1894 = FACE_OUTER_BOUND ( 'NONE', #1526, .T. ) ;
#1895 = VERTEX_POINT ( 'NONE', #1643 ) ;
#1896 = CARTESIAN_POINT ( 'NONE',  ( 0.000000000000000000, 1.710831578408851526E-15, -13.97000000000000064 ) ) ;
#1897 = MECHANICAL_DESIGN_GEOMETRIC_PRESENTATION_REPRESENTATION (  '', ( #957 ), #483 ) ;
#1898 = CARTESIAN_POINT ( 'NONE',  ( 0.000000000000000000, 7.776507174585689205E-16, -6.350000000000001421 ) ) ;
#1899 = VERTEX_POINT ( 'NONE', #446 ) ;
#1900 = CIRCLE ( 'NONE', #1270, 152.4000000000000057 ) ;
#1901 = TOROIDAL_SURFACE ( 'NONE', #396, 4.000000000000009770, 1.000000000000000000 ) ;
#1902 = ORIENTED_EDGE ( 'NONE', *, *, #231, .F. ) ;
#1903 = LINE ( 'NONE', #855, #26 ) ;
#1904 = CARTESIAN_POINT ( 'NONE',  ( 32.77305473270170211, 19.46777361239020010, -8.984999999999999432 ) ) ;
#1905 = AXIS2_PLACEMENT_3D ( 'NONE', #735, #1335, #589 ) ;
#1906 = AXIS2_PLACEMENT_3D ( 'NONE', #1317, #1565, #220 ) ;
#1907 = DIRECTION ( 'NONE',  ( 0.000000000000000000, -1.000000000000000000, 0.000000000000000000 ) ) ;
#1908 = ADVANCED_FACE ( 'NONE', ( #1360 ), #1662, .T. ) ;
#1909 = AXIS2_PLACEMENT_3D ( 'NONE', #1670, #1791, #320 ) ;
#1910 = LINE ( 'NONE', #1717, #1339 ) ;
#1911 = ORIENTED_EDGE ( 'NONE', *, *, #1644, .T. ) ;
#1912 = PLANE ( 'NONE',  #126 ) ;
#1913 = CARTESIAN_POINT ( 'NONE',  ( -57.40151774528586515, -128.6235128491026671, -6.350000000000018296 ) ) ;
#1914 = ORIENTED_EDGE ( 'NONE', *, *, #564, .T. ) ;
#1915 = EDGE_LOOP ( 'NONE', ( #395, #608, #418, #1866, #1002, #81 ) ) ;
#1916 = CARTESIAN_POINT ( 'NONE',  ( -30.58319081196563616, 89.65561019679084609, -8.984999999999981668 ) ) ;
#1917 = DIRECTION ( 'NONE',  ( -1.000000000000000000, 0.000000000000000000, 0.000000000000000000 ) ) ;
#1918 = DIRECTION ( 'NONE',  ( -0.000000000000000000, 1.224646799147352714E-16, -1.000000000000000000 ) ) ;
#1919 = ORIENTED_EDGE ( 'NONE', *, *, #1385, .T. ) ;
#1920 = EDGE_CURVE ( 'NONE', #998, #1259, #1635, .T. ) ;
#1921 = DIRECTION ( 'NONE',  ( -1.000000000000000000, 0.000000000000000000, 0.000000000000000000 ) ) ;
#1922 = PLANE ( 'NONE',  #151 ) ;
#1923 = ORIENTED_EDGE ( 'NONE', *, *, #450, .T. ) ;
#1924 = VERTEX_POINT ( 'NONE', #1254 ) ;
#1925 = DIRECTION ( 'NONE',  ( 0.9807757189120169805, 0.1951383847238064018, 2.389755982427951941E-17 ) ) ;
#1926 = CARTESIAN_POINT ( 'NONE',  ( -50.36155570755039435, -131.5395606037242828, -6.350000000000018296 ) ) ;
#1927 = AXIS2_PLACEMENT_3D ( 'NONE', #328, #1696, #816 ) ;
#1928 = DIRECTION ( 'NONE',  ( 0.000000000000000000, 1.000000000000000000, 1.170791997284683990E-16 ) ) ;
#1929 = EDGE_CURVE ( 'NONE', #503, #953, #1877, .T. ) ;
#1930 = DIRECTION ( 'NONE',  ( -0.3826834323650905034, -0.9238795325112865164, 0.000000000000000000 ) ) ;
#1931 = ORIENTED_EDGE ( 'NONE', *, *, #330, .T. ) ;
#1932 = ADVANCED_FACE ( 'NONE', ( #1108 ), #1246, .T. ) ;
#1933 = ORIENTED_EDGE ( 'NONE', *, *, #1205, .F. ) ;
#1934 = LINE ( 'NONE', #300, #559 ) ;
ENDSEC;
END-ISO-10303-21;
